"handle","status","product_id","error"
"lego-60454-lego-city-60454-holiday-adventure-camper-van-age-6-building-blocks-2025-385pcs","created","10829311050040",""
"lego-10954-lego-duplo-10954-number-train-learn-to-count-age-1-building-blocks-2021-23pcs","created","10829311115576",""
"lego-42204-lego-technic-42204-fast-and-furious-toyota-supra-mk4-age-9-building-blocks-2025-810pcs","created","10829311279416",""
"lego-42200-lego-technic-42200-monster-jam-thunderroarus-pull-back-age-7-building-blocks-2025-232pcs","created","10829311377720",""
"lego-10412-lego-duplo-10412-animal-train-age-1-building-blocks-2023-19pcs","created","10829311639864",""
"lego-11023-lego-classic-11023-green-baseplate-age-4-building-blocks-2022-1pcs","created","10829311705400",""
"lego-21357-lego-ideas-21357-disney-pixar-lamp-age-18-building-blocks-2025-613pcs","created","10829311770936",""
"lego-72032-lego-super-mario-72032-mario-kart-standard-kart-age-7-building-blocks-2025-174pcs","created","10829311902008",""
"lego-77240-lego-speed-champions-77240-bugatti-centodieci-hyper-sports-car-age-9-building-blocks-2025-291pcs","created","10829312000312",""
"lego-71834-lego-ninjago-71834-zane-s-ultra-combiner-mech-age-9-building-blocks-2025-1187pcs","created","10829312229688",""
"lego-42227-lego-technic-42227-jeep-wrangler-rubicon-suv-723-pieces-building-blocks","created","10829312360760",""
"lego-75411-lego-star-wars-75411-darth-maul-mech-age-6-building-blocks-2025-143pcs","created","10829312524600",""
"lego-75400-lego-star-wars-75400-plo-koon-s-jedi-starfighter-microfighter-age-6-building-blocks-2025-89pcs","created","10829312655672",""
"lego-72043-lego-super-mario-72043-interactive-lego-mario-and-standard-kart-age-7-building-blocks-2025-278pcs","created","10829313016120",""
"lego-43249-lego-disney-classic-43249-stitch-age-9-building-blocks-2024-730pcs","created","10829313048888",""
"lego-11036-lego-classic-11036-creative-vehicles-age-5-building-blocks-2023-900pcs","created","10829313147192",""
"lego-21269-lego-minecraft-21269-the-armadillo-mine-expedition-age-8-building-blocks-2025-247pcs","created","10829313278264",""
"lego-11504-lego-botanicals-11504-peace-lily-474-pieces-building-blocks","created","10829313409336",""
"lego-11025-lego-classic-11025-blue-baseplate-age-4-building-blocks-2022-1pcs","created","10829313704248",""
"lego-77238-lego-speed-champions-77238-lamborghini-revuelto-and-hurac-n-sto-age-10-building-blocks-2025-607pcs","created","10829313769784",""
"lego-10442-lego-duplo-10442-wild-animal-families-penguins-and-lions-age-2-building-blocks-2025-10pcs","created","10829313835320",""
"lego-42167-lego-technic-42167-mack-lr-electric-garbage-truck-age-8-building-blocks-2023-503pcs","created","10829313933624",""
"lego-42665-lego-friends-42665-puppy-playground-age-4-building-blocks-2025-66pcs","created","10829314130232",""
"lego-43264-lego-disney-pixar-43264-toy-story-celebration-train-and-rc-car-age-4-building-blocks-2025-206pcs","created","10829314195768",""
"lego-75449-lego-star-wars-75449-siege-of-mandalore-battle-pack-116-pieces-building-blocks","created","10829314425144",""
"lego-71832-lego-ninjago-71832-thunderfang-dragon-of-chaos-age-8-building-blocks-2025-668pcs","created","10829314687288",""
"lego-76450-lego-harry-potter-76450-book-nook-hogwarts-express-age-10-building-blocks-2025-832pcs","created","10829314982200",""
"lego-60407-lego-city-60407-red-double-decker-sightseeing-bus-age-7-building-blocks-2024-384pcs","created","10829315244344",""
"lego-31213-lego-art-31213-mona-lisa-age-18-building-blocks-2024-1503pcs","created","10829315703096",""
"lego-21064-lego-architecture-21064-paris-city-of-love-958-pieces-building-blocks","created","10829315899704",""
"lego-60479-lego-city-60479-police-prisoner-transport-van-198-pieces-building-blocks","created","10829316194616",""
"lego-43300-lego-disney-classic-43300-winnie-the-pooh-1399-pieces-building-blocks","created","10829316423992",""
"lego-76967-lego-jurassic-world-76967-little-eatie-t-rex-age-7-building-blocks-2025-317pcs","created","10829316620600",""
"lego-42648-lego-friends-42648-panda-sanctuary-animal-care-age-7-building-blocks-2025-243pcs","created","10829316817208",""
"lego-71439-lego-super-mario-71439-adventures-with-interactive-lego-mario-age-6-building-blocks-2024-218pcs","created","10829317112120",""
"lego-42666-lego-friends-42666-cat-birthday-party-and-tree-house-age-6-building-blocks-2025-321pcs","created","10829317636408",""
"lego-43271-lego-disney-classic-43271-lucky-and-penny-101-dalmatians-puppies-age-6-building-blocks-2025-268pcs","created","10829317898552",""
"lego-75441-lego-star-wars-75441-venator-class-attack-cruiser-643-pieces-building-blocks","created","10829318095160",""
"lego-76459-lego-harry-potter-76459-hagrid-and-harry-s-privet-drive-escape-124-pieces-building-blocks","created","10829318390072",""
"lego-75437-lego-star-wars-75437-cobb-vanth-s-speeder-207-pieces-building-blocks","created","10829318586680",""
"lego-31381-lego-creator-3-in-1-31381-fierce-shark-with-a-treasure-chest-379-pieces-building-blocks","created","10829318652216",""
"lego-31384-lego-creator-3-in-1-31384-wild-animals-colorful-hummingbird-312-pieces-building-blocks","created","10829318684984",""
"lego-60498-lego-city-60498-tractor-204-pieces-building-blocks","created","10829318816056",""
"lego-75440-lego-star-wars-75440-at-at-525-pieces-building-blocks","created","10829318848824",""
"lego-76336-lego-super-heroes-marvel-76336-spider-man-car-vs-venomized-wolverine-134-pieces-building-blocks","created","10829319733560",""
"lego-43279-lego-disney-pixar-43279-wall-e-and-eve-age-18-building-blocks-2025-811pcs","created","10829319864632",""
"lego-31208-lego-art-31208-hokusai-the-great-wave-age-18-building-blocks-2023-1810pcs","created","10829319930168",""
"lego-31174-lego-creator3-in-1-31174-retro-telephone-age-8-building-blocks-2025-383pcs","created","10829319995704",""
"lego-10421-lego-duplo-10421-alphabet-truck-age-2-building-blocks-2023-36pcs","created","10829320028472",""
"lego-10315-lego-icons-10315-tranquil-garden-age-18-building-blocks-2023-1363pcs","created","10829320061240",""
"lego-76303-lego-super-heroes-dc-76303-batman-tumbler-vs-two-face-and-the-joke-age-8-building-blocks-2025-429pcs","created","10829320126776",""
"lego-75379-lego-star-wars-75379-buildable-r2-d2-age-10-building-blocks-2024-1050pcs","created","10829320192312",""
"lego-60463-lego-city-60463-fire-ladder-truck-age-4-building-blocks-2025-82pcs","created","10829320257848",""
"lego-76419-lego-harry-potter-76419-hogwarts-castle-and-grounds-age-18-building-blocks-2023-2660pcs","created","10829320290616",""
"lego-76449-lego-harry-potter-76449-chomping-monster-book-of-monsters-age-9-building-blocks-2025-518pcs","created","10829320356152",""
"lego-76316-lego-super-heroes-marvel-76316-galactus-vs-the-fantastic-four-age-9-building-blocks-2025-427pcs","created","10829320487224",""
"lego-76320-lego-super-heroes-marvel-76320-iron-man-and-war-machine-vs-hammer-drones-age-7-building-blocks-2025-204pcs","created","10829320618296",""
"lego-76338-lego-super-heroes-marvel-76338-mech-battle-spider-man-vs-doc-ock-315-pieces-building-blocks","created","10829320651064",""
"lego-43257-lego-disney-classic-43257-angel-age-9-building-blocks-2025-784pcs","created","10829320782136",""
"lego-60445-lego-city-60445-f1-truck-with-rb20-and-amr24-f1-cars-age-8-building-blocks-2025-1086pcs","created","10829320814904",""
"lego-10471-lego-duplo-10471-blue-police-motorcycle-11-pieces-building-blocks","created","10829320880440",""
"lego-76344-lego-super-heroes-marvel-76344-iron-man-mark-3-collectors-edition-1297-pieces-building-blocks","created","10829321175352",""
"lego-60502-lego-city-60502-airport-with-airplane-887-pieces-building-blocks","created","10829321797944",""
"lego-31382-lego-creator-3-in-1-31382-cute-animals-playful-puppy-dog-336-pieces-building-blocks","created","10829322322232",""
"lego-60485-lego-city-60485-hot-rod-81-pieces-building-blocks","created","10829322944824",""
"lego-40460-lego-botanicals-40460-roses-120-pieces-building-blocks","created","10829323501880",""
"lego-40524-lego-botanicals-40524-sunflower-191-pieces-building-blocks","created","10829324124472",""
"lego-21275-lego-minecraft-21275-the-tnt-jungle-house-age-8-building-blocks-2025-287pcs","created","10829324583224",""
"lego-60404-lego-city-60404-burger-truck-age-5-building-blocks-2023-194pcs","created","10829325074744",""
"lego-76326-lego-super-heroes-marvel-76326-iron-spider-man-bust-age-18-building-blocks-2025-379pcs","created","10829325435192",""
"lego-42679-lego-friends-42679-heartlake-city-bunny-hotel-161-pieces-building-blocks","created","10829325500728",""
"lego-42678-lego-friends-42678-pet-accessories-van-237-pieces-building-blocks","created","10829325697336",""
"lego-60491-lego-city-60491-motorcycle-transporter-88-pieces-building-blocks","created","10829325730104",""
"lego-75444-lego-star-wars-75444-at-rt-attack-297-pieces-building-blocks","created","10829326057784",""
"lego-75414-lego-star-wars-75414-the-force-burner-snowspeeder-age-7-building-blocks-2025-349pcs","created","10829326090552",""
"lego-71849-lego-ninjago-71849-nya-vs-mutation-monster-spinner-49-pieces-building-blocks","created","10829326156088",""
"lego-71850-lego-ninjago-71850-lloyd-vs-earth-monster-spinner-52-pieces-building-blocks","created","10829326221624",""
"lego-71854-lego-ninjago-71854-cole-s-mission-mech-and-dragon-zane-364-pieces-building-blocks","created","10829326254392",""
"lego-43285-lego-disney-princess-43285-ariel-s-magical-mini-palace-179-pieces-building-blocks","created","10829326319928",""
"lego-42680-lego-friends-42680-heartlake-city-convenience-store-176-pieces-building-blocks","created","10829326385464",""
"lego-60490-lego-city-60490-snowplow-263-pieces-building-blocks","created","10829326582072",""
"lego-72046-lego-super-mario-72046-game-boy-age-18-building-blocks-2025-421pcs","created","10829326647608",""
"lego-11510-lego-botanicals-11510-magnolia-branches-435-pieces-building-blocks","created","10829326745912",""
"lego-76307-lego-super-heroes-marvel-76307-iron-man-mech-vs-ultron-age-6-building-blocks-2025-101pcs","created","10829327008056",""
"lego-60465-lego-city-60465-emergency-air-ambulance-airplane-age-6-building-blocks-2025-395pcs","created","10829327892792",""
"lego-31164-lego-creator-3-in-1-31164-space-robot-age-8-building-blocks-2025-281pcs","created","10829328482616",""
"lego-10468-lego-duplo-10468-tractor-and-market-18-pieces-building-blocks","created","10829329301816",""
"lego-42228-lego-technic-42228-mclaren-mcl39-formula-1-car-1675-pieces-building-blocks","created","10829329858872",""
"lego-43305-lego-disney-classic-43305-piglet-s-birthday-fun-544-pieces-building-blocks","created","10829330547000",""
"lego-42658-lego-friends-42658-unicorn-and-flamingo-pool-party-age-5-building-blocks-2025-99pcs","created","10829331398968",""
"lego-42207-lego-technic-42207-ferrari-sf-24-f1-car-age-18-building-blocks-2025-1361pcs","created","10829331923256",""
"lego-42226-lego-technic-42226-bmw-m4-gt3-evo-race-car-747-pieces-building-blocks","created","10829332611384",""
"lego-31173-lego-creator3-in-1-31173-wild-animals-tropical-toucan-age-7-building-blocks-2025-225pcs","created","10829333266744",""
"lego-10465-lego-duplo-10465-mickey-mouse-clubhouse-with-minnie-and-plu-87-pieces-building-blocks","created","10829334053176",""
"lego-43290-lego-disney-pixar-43290-kevin-and-dug-628-pieces-building-blocks","created","10829334544696",""
"lego-11376-lego-icons-11376-ford-model-t-1060-pieces-building-blocks","created","10829335167288",""
"lego-43019-lego-editions-sports-43019-soccer-ball-1498-pieces-building-blocks","created","10829335789880",""
"lego-71860-lego-ninjago-71860-lloyd-s-titan-mech-15th-anniversary-1293-pieces-building-blocks","created","10829336445240",""
"lego-31169-lego-creator-3-in-1-31169-typewriter-with-flowers-age-8-building-blocks-2025-363pcs","created","10829336871224",""
"lego-75412-lego-star-wars-75412-death-trooper-and-night-trooper-battle-pack-age-6-building-blocks-2025-119pcs","created","10829337723192",""
"lego-60456-lego-city-60456-police-boat-chase-age-6-building-blocks-2025-264pcs","created","10829338444088",""
"lego-60451-lego-city-60451-emergency-ambulance-age-5-building-blocks-2025-184pcs","created","10829339164984",""
"lego-76321-lego-super-heroes-marvel-76321-spider-man-vs-doc-ock-subway-train-scene-age-9-building-blocks-2025-393pcs","created","10829339918648",""
"lego-10457-lego-duplo-10457-winnie-the-pooh-s-birthday-party-age-1-building-blocks-2025-22pcs","created","10829340639544",""
"lego-31163-lego-creator-3-in-1-31163-playful-cat-age-8-building-blocks-2025-407pcs","created","10829341065528",""
"lego-42151-lego-technic-42151-bugatti-bolide-age-9-building-blocks-2023-905pcs","created","10829341557048",""
"lego-42210-lego-technic-42210-2-fast-2-furious-nissan-skyline-gt-r-r34-car-age-18-building-blocks-2025-1410pcs","created","10829342048568",""
"lego-21366-lego-ideas-21366-floating-sea-otter-1234-pieces-building-blocks","created","10829342900536",""
"lego-43020-lego-editions-sports-43020-fifa-world-cup-official-trophy-2842-pieces-building-blocks","created","10829344145720",""
"lego-43288-lego-disney-classic-43288-sally-s-flowerpot-346-pieces-building-blocks","created","10829344702776",""
"lego-21362-lego-ideas-21362-mineral-collection-age-18-building-blocks-2025-880pcs","created","10829345521976",""
"lego-72040-lego-super-mario-72040-captain-toad-s-camp-age-6-building-blocks-2025-159pcs","created","10829346177336",""
"lego-42642-lego-friends-42642-friendship-movie-night-age-6-building-blocks-2025-154pcs","created","10829347127608",""
"lego-76972-lego-jurassic-world-76972-raptor-off-road-escape-age-6-building-blocks-2025-285pcs","created","10829348340024",""
"lego-76312-lego-super-heroes-marvel-76312-the-hulk-truck-vs-thanos-age-7-building-blocks-2025-229pcs","created","10829349060920",""
"lego-10452-lego-duplo-10452-camping-trip-age-2-building-blocks-2025-32pcs","created","10829349847352",""
"lego-42649-lego-friends-42649-heartlake-city-candy-store-age-6-building-blocks-2025-376pcs","created","10829350928696",""
"lego-42659-lego-friends-42659-friendship-road-trip-travel-car-age-6-building-blocks-2025-220pcs","created","10829351715128",""
"lego-42661-lego-friends-42661-costume-party-with-unicorn-and-fairy-age-6-building-blocks-2025-260pcs","created","10829352403256",""
"lego-43274-lego-disney-classic-43274-minnie-s-pet-hotel-age-4-building-blocks-2025-161pcs","created","10829353386296",""
"lego-72041-lego-super-mario-72041-party-at-toad-s-house-age-7-building-blocks-2025-276pcs","created","10829354926392",""
"lego-72038-lego-super-mario-72038-wario-and-king-boo-age-8-building-blocks-2025-512pcs","created","10829356106040",""
"lego-31217-lego-art-31217-the-fauna-collection-tiger-age-18-building-blocks-2025-744pcs","created","10829356728632",""
"lego-75438-lego-star-wars-75438-yoda-bust-399-pieces-building-blocks","created","10829357646136",""
"lego-75439-lego-star-wars-75439-dart-vader-bust-349-pieces-building-blocks","created","10829358661944",""
"lego-71858-lego-ninjago-71858-four-weapons-blacksmith-15th-anniversary-1259-pieces-building-blocks","created","10829359776056",""
"lego-76343-lego-super-heroes-marvel76343-epic-battle-hulkbuster-vs-the-hulk-413-pieces-building-blocks","created","10829360988472",""
"lego-76327-lego-super-heroes-marvel-76327-iron-man-mk4-bust-age-18-building-blocks-2025-436pcs","created","10829362069816",""
"lego-11040-lego-classic-11040-magical-transparent-box-age-5-building-blocks-2025-340pcs","created","10829363544376",""
"lego-75431-lego-star-wars-75431-327th-star-corps-clone-troopers-battle-pack-age-7-building-blocks-2025-258pcs","created","10829365444920",""
"lego-10330-lego-icons-10330-mclaren-mp4-4-and-ayrton-senna-age-18-building-blocks-2024-693pcs","created","10829366657336",""
"lego-10456-lego-duplo-10456-mcqueen-s-visit-to-doc-s-garage-age-2-building-blocks-2025-35pcs","created","10829367869752",""
"lego-76448-lego-harry-potter-76448-fawkes-dumbledore-s-phoenix-age-8-building-blocks-2025-299pcs","created","10829369409848",""
"lego-10295-lego-d2c-10295-creator-expert-porsche-911-age-18-building-blocks-2021-1458pcs","created","10829370196280",""
"lego-21270-lego-minecraft-21270-the-mooshroom-house-age-8-building-blocks-2025-500pcs","created","10829371015480",""
"lego-31216-lego-art-31216-keith-haring-dancing-figures-age-18-building-blocks-2025-1773pcs","created","10829371572536",""
"lego-75637-lego-one-piece-75637-buggy-the-clown-s-circus-tent-age-8-building-blocks-2025-573pcs","created","10829371670840",""
"lego-21272-lego-minecraft-21272-woodland-mansion-fighting-ring-age-10-building-blocks-2025-491pcs","created","10829372195128",""
"lego-10443-lego-duplo-10443-first-time-at-the-airport-age-2-building-blocks-2025-23pcs","created","10829373178168",""
"lego-11041-lego-classic-11041-creative-dinosaurs-age-5-building-blocks-2025-450pcs","created","10829374914872",""
"lego-71843-lego-ninjago-71843-rogue-s-mech-dragon-rider-age-8-building-blocks-2025-584pcs","created","10829375078712",""
"lego-76323-lego-super-heroes-marvel-76323-avengers-endgame-final-battle-age-10-building-blocks-2025-621pcs","created","10829376061752",""
"lego-42161-lego-technic-42161-lamborghini-hurac-n-tecnica-age-9-building-blocks-2023-806pcs","created","10829378191672",""
"lego-31151-lego-creator-3-in-1-31151-t-rex-age-9-building-blocks-2024-626pcs","created","10829378322744",""
"lego-42179-lego-technic-42179-planet-earth-and-moon-in-orbit-age-10-building-blocks-2024-526pcs","created","10829379699000",""
"lego-10426-lego-duplo-10426-train-bridge-and-tracks-expansion-set-age-2-building-blocks-2025-42pcs","created","10829379731768",""
"lego-31161-lego-creator-3-in-1-31161-medieval-dragon-age-9-building-blocks-2025-715pcs","created","10829380780344",""
"lego-10427-lego-duplo-10427-interactive-adventure-train-age-2-building-blocks-2025-57pcs","created","10829380813112",""
"lego-42652-lego-friends-42652-friendship-tree-house-hangout-age-8-building-blocks-2025-701pcs","created","10829380911416",""
"lego-76444-lego-harry-potter-76444-diagon-alley-wizarding-shops-age-18-building-blocks-2025-2750pcs","created","10829381796152",""
"lego-76269-lego-d2c-super-heroes-marvel-76269-avengers-tower-age-18-building-blocks-2023-5201pcs","created","10829381828920",""
"lego-75433-lego-star-wars-75433-jango-fett-s-starship-age-9-building-blocks-2025-707pcs","created","10829381861688",""
"lego-10473-lego-duplo-10473-fire-truck-with-hose-and-firefighter-28-pieces-building-blocks","created","10829382746424",""
"lego-21589-lego-minecraft-21589-mini-biomes-797-pieces-building-blocks","created","10829382811960",""
"lego-60478-lego-city-60478-cement-mixer-371-pieces-building-blocks","created","10829383500088",""
"lego-10467-lego-duplo-10467-family-house-84-pieces-building-blocks","created","10829383762232",""
"lego-11201-lego-bluey-11201-playground-fun-with-bluey-and-chloe-age-4-building-blocks-2025-104pcs","created","10829383991608",""
"lego-11202-lego-bluey-11202-bluey-s-beach-and-family-car-trip-age-4-building-blocks-2025-133pcs","created","10829384974648",""
"lego-60508-lego-city-60508-police-train-heist-1313-pieces-building-blocks","created","10829385335096",""
"lego-43272-lego-disney-princess-43272-heihei-age-9-building-blocks-2025-566pcs","created","10829385761080",""
"lego-42223-lego-technic-42223-1966-ford-gt40-mkii-race-car-793-pieces-building-blocks","created","10829386219832",""
"lego-75452-lego-star-wars-75452-bb-8-astromech-droid-569-pieces-building-blocks","created","10829386449208",""
"lego-42220-lego-technic-42220-monster-jam-sparkle-smash-pull-back-243-pieces-building-blocks","created","10829386875192",""
"lego-43286-lego-disney-classic-43286-the-aristocats-adorable-marie-369-pieces-building-blocks","created","10829387858232",""
"lego-10476-lego-duplo-10476-3-in-1-construction-site-and-vehicles-84-pieces-building-blocks","created","10829388611896",""
"lego-42224-lego-technic-42224-porsche-911-gt3-r-rexy-ao-racing-car-1313-pieces-building-blocks","created","10829388775736",""
"lego-76342-lego-super-heroes-marvel-76342-spider-man-vs-mysterio-the-daily-bugle-781-pieces-building-blocks","created","10829388874040",""
"lego-76463-lego-harry-potter-76463-hogwarts-castle-hospital-wing-907-pieces-building-blocks","created","10829390577976",""
"lego-76975-lego-jurassic-world-76975-t-rex-river-escape-age-5-building-blocks-2025-199pcs","created","10829391135032",""
"lego-21278-lego-minecraft-21278-the-pillager-outpost-and-ravager-age-9-building-blocks-2025-665pcs","created","10829391593784",""
"lego-76322-lego-super-heroes-marvel-76322-avengers-endgame-thor-vs-chitauri-age-8-building-blocks-2025-373pcs","created","10829392642360",""
"lego-76461-lego-harry-potter-76461-cornish-pixie-320-pieces-building-blocks","created","10829392740664",""
"lego-21588-lego-minecraft-21588-the-fox-497-pieces-building-blocks","created","10829394772280",""
"lego-10455-lego-duplo-10455-anna-and-elsa-s-frozen-castle-party-age-2-building-blocks-2025-54pcs","created","10829394968888",""
"lego-76319-lego-super-heroes-marvel-76319-captain-america-vs-thanos-age-4-building-blocks-2025-107pcs","created","10829395755320",""
"lego-75407-lego-star-wars-75407-brick-built-star-wars-logo-age-18-building-blocks-2025-700pcs","created","10829395788088",""
"lego-31166-lego-creator3-in-1-31166-beautiful-horse-age-9-building-blocks-2025-685pcs","created","10829396574520",""
"lego-76317-lego-super-heroes-marvel-76317-peter-parker-s-apartment-age-8-building-blocks-2025-394pcs","created","10829396902200",""
"lego-75638-lego-one-piece-75638-battle-at-arlong-park-age-9-building-blocks-2025-926pcs","created","10829397197112",""
"lego-76304-lego-super-heroes-dc-76304-batman-forever-batmobile-age-12-building-blocks-2025-909pcs","created","10829398016312",""
"lego-31168-lego-creator3-in-1-31168-medieval-horse-knight-castle-age-9-building-blocks-2025-1371pcs","created","10829398049080",""
"lego-42171-lego-technic-42171-mercedes-amg-f1-w14-e-performance-age-18-building-blocks-2024-1642pcs","created","10829398147384",""
"lego-75415-lego-star-wars-75415-kylo-ren-helmet-age-18-building-blocks-2025-529pcs","created","10829399687480",""
"lego-75399-lego-star-wars-75399-rebel-u-wing-starfighter-age-8-building-blocks-2025-594pcs","created","10829400375608",""
"lego-21273-lego-minecraft-21273-the-ghast-balloon-village-attack-age-10-building-blocks-2025-555pcs","created","10829400539448",""
"lego-76445-lego-harry-potter-76445-hogwarts-castle-herbology-class-age-8-building-blocks-2025-390pcs","created","10829401784632",""
"lego-42208-lego-technic-42208-aston-martin-valkyrie-age-9-building-blocks-2025-707pcs","created","10829402964280",""
"lego-10441-lego-duplo-10441-shape-sorter-puppy-house-age-1-building-blocks-2025-17pcs","created","10829404307768",""
"lego-71842-lego-ninjago-71842-rontu-the-master-dragon-age-7-building-blocks-2025-381pcs","created","10829404832056",""
"lego-76451-lego-harry-potter-76451-privet-drive-aunt-marge-s-visit-age-8-building-blocks-2025-639pcs","created","10829406667064",""
"lego-71845-lego-ninjago-71845-lloyd-s-jet-mech-age-9-building-blocks-2025-1112pcs","created","10829408403768",""
"lego-75408-lego-star-wars-75408-jango-fett-helmet-age-18-building-blocks-2025-616pcs","created","10829409190200",""
"lego-76315-lego-super-heroes-marvel-76315-iron-man-s-laboratory-hall-of-armor-age-8-building-blocks-2025-384pcs","created","10829409714488",""
"lego-42154-lego-technic-42154-2022-ford-gt-age-18-building-blocks-2023-1466pcs","created","10829409976632",""
"lego-42201-lego-technic-42201-deep-sea-research-submarine-age-9-building-blocks-2025-413pcs","created","10829410533688",""
"lego-10318-lego-d2c-icons-10318-concorde-age-18-building-blocks-2023-2083pcs","created","10829410992440",""
"lego-42177-lego-technic-42177-mercedes-g500-4-4-age-18-building-blocks-2024-2891pcs","created","10829411877176",""
"lego-10445-lego-duplo-10445-f1-team-race-cars-and-drivers-age-2-building-blocks-2025-70pcs","created","10829412532536",""
"lego-21061-lego-lego-architecture-21061-notre-dame-de-paris-age-18-building-blocks-2024-4383pcs","created","10829412958520",""
"lego-42170-lego-technic-42170-kawasaki-ninja-h2r-motorcycle-age-10-building-blocks-2024-643pcs","created","10829413384504",""
"lego-10453-lego-duplo-10453-funfair-age-2-building-blocks-2025-53pcs","created","10829413646648",""
"lego-21062-lego-architecture-21062-trevi-fountain-age-18-building-blocks-2025-1880pcs","created","10829413876024",""
"lego-21060-lego-architecture-21060-himeji-castle-age-18-building-blocks-2023-2125pcs","created","10829414072632",""
"lego-75402-lego-star-wars-75402-arc-170-starfighter-age-9-building-blocks-2025-497pcs","created","10829414596920",""
"lego-75398-lego-star-wars-75398-buildable-c-3po-age-18-building-blocks-2024-1138pcs","created","10829415678264",""
"lego-76313-lego-super-heroes-marvel-76313-marvel-logo-and-minifigures-age-12-building-blocks-2025-931pcs","created","10829416104248",""
"lego-21058-lego-architecture-21058-the-great-pyramids-of-giza-age-18-building-blocks-2022-1476pcs","created","10829417120056",""
"lego-75389-lego-star-wars-75389-the-dark-falcon-age-10-building-blocks-2024-1579pcs","created","10829417906488",""
"lego-42202-lego-technic-42202-ducati-panigale-v4-s-motorcycle-age-18-building-blocks-2025-1603pcs","created","10829418529080",""
"lego-71830-lego-ninjago-71830-kai-s-mech-storm-rider-age-7-building-blocks-2025-333pcs","created","10829419086136",""
"lego-10425-lego-duplo-10425-train-tunnel-and-tracks-expansion-set-age-2-building-blocks-2025-20pcs","created","10829420101944",""
"lego-10428-lego-duplo-10428-big-interactive-community-train-age-3-building-blocks-2025-103pcs","created","10829420462392",""
"lego-10446-lego-duplo-10446-3in1-wild-animal-families-age-2-building-blocks-2025-92pcs","created","10829421019448",""
"lego-42176-lego-technic-42176-porsche-gt4-e-performance-race-car-age-10-building-blocks-2024-834pcs","created","10829421314360",""
"lego-60467-lego-city-60467-heavy-duty-recovery-tow-truck-with-crane-age-8-building-blocks-2025-793pcs","created","10829421773112",""
"lego-42209-lego-technic-42209-volvo-l120-electric-wheel-loader-age-9-building-blocks-2025-973pcs","created","10829422231864",""
"lego-76976-lego-jurassic-world-76976-spinosaurus-and-quetzalcoatlus-air-mission-age-8-building-blocks-2025-984pcs","created","10829422297400",""
"lego-10451-lego-duplo-10451-3in1-dinosaurs-on-wheels-age-3-building-blocks-2025-108pcs","created","10829422395704",""
"lego-43269-lego-disney-classic-43269-101-dalmatians-puppy-age-18-building-blocks-2025-1722pcs","created","10829422559544",""
"lego-71836-lego-ninjago-71836-arc-dragon-of-focus-age-9-building-blocks-2025-869pcs","created","10829422657848",""
"lego-71831-lego-ninjago-71831-ninja-spinjitzu-temple-age-4-building-blocks-2025-158pcs","created","10829422756152",""
"lego-42143-lego-d2c-technic-42143-ferrari-daytona-sp3-age-18-building-blocks-2022-3778pcs","created","10829422821688",""
"lego-42217-lego-technic-42217-chevrolet-corvette-stingray-blue-age-9-building-blocks-2025-732pcs","created","10829422919992",""
"lego-60466-lego-city-60466-yellow-bulldozer-age-8-building-blocks-2025-682pcs","created","10829423018296",""
"lego-76454-lego-harry-potter-76454-hogwarts-castle-the-main-tower-age-10-building-blocks-2025-2135pcs","created","10829423116600",""
"lego-60423-lego-city-60423-downtown-streetcar-and-station-age-7-building-blocks-2024-811pcs","created","10829423214904",""
"lego-31175-lego-creator3-in-1-31175-unicorn-castle-age-8-building-blocks-2025-390pcs","created","10829423280440",""
"lego-75432-lego-star-wars-75432-v-19-torrent-starfighter-age-9-building-blocks-2025-567pcs","created","10829423378744",""
"lego-31167-lego-creator3-in-1-31167-haunted-mansion-age-9-building-blocks-2025-736pcs","created","10829423444280",""
"lego-75434-lego-star-wars-75434-k-2so-age-10-building-blocks-2025-845pcs","created","10829423542584",""
"lego-42214-lego-technic-42214-lamborghini-revuelto-super-sports-car-age-10-building-blocks-2025-1135pcs","created","10829423640888",""
"lego-75417-lego-star-wars-75417-at-st-walker-age-18-building-blocks-2025-1513pcs","created","10829423706424",""
"lego-75640-lego-one-piece-75640-the-baratie-floating-restaurant-age-18-building-blocks-2025-3402pcs","created","10829423804728",""
"lego-76329-lego-super-heroes-marvel-76329-miles-morales-mask-age-18-building-blocks-2025-487pcs","created","10829423968568",""
"lego-10448-lego-duplo-10448-3in1-animals-on-wheels-age-2-building-blocks-2025-58pcs","created","10829424001336",""
"lego-76324-lego-super-heroes-marvel-76324-spider-man-vs-oscorp-age-10-building-blocks-2025-808pcs","created","10829424066872",""
"lego-75403-lego-star-wars-75403-grogu-with-hover-pram-age-10-building-blocks-2025-1048pcs","created","10829424132408",""
"lego-71844-lego-ninjago-71844-ninja-combat-vehicle-age-8-building-blocks-2025-561pcs","created","10829424165176",""
"lego-71846-lego-ninjago-71846-the-fire-knight-mech-age-14-building-blocks-2025-996pcs","created","10829424197944",""
"lego-71847-lego-ninjago-71847-the-guardian-dragon-age-14-building-blocks-2025-1650pcs","created","10829424263480",""
"lego-10470-lego-duplo-10470-3-in-1-modern-family-house-with-figures-166-pieces-building-blocks","created","10829424361784",""
"lego-31385-lego-creator-3-in-1-31385-sea-animals-beautiful-dolphins-542-pieces-building-blocks","created","10829424427320",""
"lego-42684-lego-friends-42684-unicorn-dream-caf-475-pieces-building-blocks","created","10829424492856",""
"lego-43281-lego-disney-princess-43281-elsa-s-ice-castle-and-snow-ride-adventure-216-pieces-building-blocks","created","10829424558392",""
"lego-43287-lego-disney-princess-43287-olaf-and-bruni-s-picnic-fun-478-pieces-building-blocks","created","10829424623928",""
"lego-60504-lego-city-60504-coast-guard-rescue-boat-and-helicopter-742-pieces-building-blocks","created","10829424722232",""
"lego-71859-lego-ninjago-71859-the-dragon-of-life-1050-pieces-building-blocks","created","10829424787768",""
"lego-75443-lego-star-wars-75443-grogu-s-homestead-107-pieces-building-blocks","created","10829425967416",""
"lego-76341-lego-super-heroes-marvel-76341-ravager-jumpsuit-groot-604-pieces-building-blocks","created","10829426032952",""
"lego-76464-lego-harry-potter-76464-cauldron-secret-potions-classroom-652-pieces-building-blocks","created","10829426098488",""
"lego-10375-lego-d2c-icons-10375-how-to-train-your-dragon-toothless-age-18-building-blocks-2025-784pcs","created","10829426524472",""
"lego-10458-lego-duplo-bluey-10458-ice-cream-trip-with-bluey-age-2-building-blocks-2025-22pcs","created","10829426622776",""
"lego-21063-lego-architecture-21063-neuschwanstein-castle-age-18-building-blocks-2025-3455pcs","created","10829426721080",""
"lego-10367-lego-icons-10367-mines-of-morea-book-nook-age-18-building-blocks-2025-1201pcs","created","10829426852152",""
"lego-75413-lego-star-wars-75413-republic-juggernaut-age-9-building-blocks-2025-813pcs","created","10829427015992",""
"lego-75394-lego-star-wars-75394-imperial-star-destroyer-age-10-building-blocks-2024-1555pcs","created","10829427573048",""
"lego-11372-lego-icons-11372-autumn-cottage-garden-1102-pieces-building-blocks","created","10829427605816",""
"lego-21590-lego-minecraft-21590-wither-battle-494-pieces-building-blocks","created","10829427704120",""
"lego-42222-lego-technic-42222-bugatti-chiron-pur-sport-hypercar-771-pieces-building-blocks","created","10829427736888",""
"lego-60503-lego-city-60503-coast-guard-helicopter-551-pieces-building-blocks","created","10829427900728",""
"lego-60505-lego-city-60505-airplane-service-truck-and-hovercraft-remix-990-pieces-building-blocks","created","10829427999032",""
"lego-76466-lego-harry-potter-76466-sorcerer-s-stone-collectors-edition-1571-pieces-building-blocks","created","10829428064568",""
"lego-11384-lego-icons-11384-golden-retriever-puppy-2102-pieces-building-blocks","created","10829428097336",""
"lego-42687-lego-friends-42687-liann-s-family-house-946-pieces-building-blocks","created","10829428162872",""
"lego-10357-lego-d2c-icons-10357-shelby-cobra-age-18-building-blocks-2025-1241pcs","created","10829428195640",""
"lego-60471-lego-city-60471-arctic-explorer-science-lab-truck-age-8-building-blocks-2025-1057pcs","created","10829428261176",""
"lego-21279-lego-minecraft-21279-the-enderman-tower-age-9-building-blocks-2025-867pcs","created","10829428326712",""
"lego-43267-lego-disney-princess-43267-princess-castle-and-royal-pets-age-6-building-blocks-2025-787pcs","created","10829428359480",""
"lego-76325-lego-super-heroes-marvel-76325-avengers-age-of-ultron-quinjet-age-12-building-blocks-2025-1131pcs","created","10829428523320",""
"lego-75460-lego-star-wars-75460-new-republic-x-wing-starfighter-558-pieces-building-blocks","created","10829428556088",""
"lego-60440-lego-city-60440-yellow-delivery-truck-age-8-building-blocks-2024-1061pcs","created","10829428621624",""
"lego-75406-lego-star-wars-75406-kylo-ren-s-command-shuttle-age-18-building-blocks-2025-386pcs","created","10829428719928",""
"lego-60499-lego-city-60499-airport-fire-truck-691-pieces-building-blocks","created","10829428785464",""
"lego-10459-lego-duplo-bluey-10459-bluey-s-family-house-with-memory-game-age-3-building-blocks-2025-83pcs","created","10829428851000",""
"lego-11203-lego-bluey-11203-bluey-s-family-house-age-4-building-blocks-2025-382pcs","created","10829428883768",""
"lego-72039-lego-super-mario-72039-bowser-s-castle-age-9-building-blocks-2025-1068pcs","created","10829429014840",""
"lego-42160-lego-technic-42160-audi-rs-q-e-tron-age-10-building-blocks-2023-914pcs","created","10829429113144",""
"lego-76973-lego-jurassic-world-76973-raptor-and-titanosaurus-tracking-mission-age-7-building-blocks-2025-582pcs","created","10829429211448",""
"lego-42215-lego-technic-42215-volvo-ec500-hybrid-excavator-age-18-building-blocks-2025-2359pcs","created","10829429309752",""
"lego-42671-lego-friends-42671-plant-caf-and-flower-shop-age-9-building-blocks-2025-1137pcs","created","10829429637432",""
"lego-43258-lego-disney-princess-43258-kakamora-barge-age-7-building-blocks-2025-572pcs","created","10829429866808",""
"lego-42654-lego-friends-42654-pony-ranch-and-stable-age-7-building-blocks-2025-727pcs","created","10829431013688",""
"lego-60469-lego-city-60469-central-train-station-age-7-building-blocks-2025-752pcs","created","10829431374136",""
"lego-71837-lego-d2c-ninjago-71837-ninjago-city-workshops-age-14-building-blocks-2025-3244pcs","created","10829431439672",""
"lego-77259-lego-speed-champions-77259-audi-revolut-f1-team-r26-race-car-215-pieces-building-blocks","created","10829431537976",""
"lego-21584-lego-minecraft-21584-nether-and-end-portal-journey-192-pieces-building-blocks","created","10829431669048",""
"lego-60493-lego-city-60493-f1-display-truck-with-audi-f1-race-car-508-pieces-building-blocks","created","10829431800120",""
"lego-21345-lego-ideas-21345-polaroid-onestep-sx-70-camera-age-18-building-blocks-2023-516pcs","created","10829432226104",""
"lego-42692-lego-friends-42692-ice-cream-and-balloon-stand-107-pieces-building-blocks","created","10829432324408",""
"lego-60483-lego-city-60483-rides-construction-loader-61-pieces-building-blocks","created","10829432422712",""
"lego-43284-lego-disney-princess-43284-mini-anna-and-elsa-65-pieces-building-blocks","created","10829432521016",""
"lego-60481-lego-city-60481-rides-police-truck-71-pieces-building-blocks","created","10829432619320",""
"lego-40725-lego-botanicals-40725-cherry-blossoms-430-pieces-building-blocks","created","10829432717624",""
"lego-71856-lego-ninjago-71856-jay-s-transforming-car-387-pieces-building-blocks","created","10829432881464",""
"lego-76467-lego-harry-potter-76467-luna-lovegood-s-house-764-pieces-building-blocks","created","10829432947000",""
"lego-42685-lego-friends-42685-heartlake-city-fashion-show-410-pieces-building-blocks","created","10829432979768",""
"lego-42695-lego-friends-42695-horse-and-baby-foal-trailer-279-pieces-building-blocks","created","10829433012536",""
"lego-60489-lego-city-60489-jet-vs-car-259-pieces-building-blocks","created","10829433078072",""
"lego-42689-lego-friends-42689-heartlake-city-friends-club-house-794-pieces-building-blocks","created","10829433176376",""
"lego-71857-lego-ninjago-71857-ninja-vehicle-tree-house-battle-642-pieces-building-blocks","created","10829433307448",""
"lego-42699-lego-friends-42699-beach-house-with-seals-400-pieces-building-blocks","created","10829433372984",""
"lego-42686-lego-friends-42686-fun-indoor-playground-668-pieces-building-blocks","created","10829433405752",""
"lego-10463-lego-duplo-disney-tm-10463-dinosaur-spidey-rex-vs-green-goblin-25-pieces-building-blocks","created","10829433438520",""
"lego-21277-lego-minecraft-21277-the-pickaxe-mine-age-8-building-blocks-2025-530pcs","created","10829433471288",""
"lego-10450-lego-duplo-10450-hopsy-s-castle-game-age-3-building-blocks-2025-47pcs","created","10829433536824",""
"lego-43217-lego-disney-classic-43217-up-house-age-9-building-blocks-2023-598pcs","created","10829433602360",""
"lego-75445-lego-star-wars-75445-anzellan-starship-700-pieces-building-blocks","created","10829433766200",""
"lego-31171-lego-creator3-in-1-31171-wild-animals-majestic-rhino-with-birds-age-9-building-blocks-2025-780pcs","created","10829433798968",""
"lego-75416-lego-star-wars-75416-chopper-c1-10p-astromech-droid-age-10-building-blocks-2025-1039pcs","created","10829433864504",""
"lego-76328-lego-super-heroes-dc-76328-batman-the-classic-tv-series-batmobile-age-18-building-blocks-2024-1822pcs","created","10829433897272",""
"lego-71848-lego-ninjago-71848-the-temple-bounty-age-14-building-blocks-2025-2387pcs","created","10829433962808",""
"lego-60470-lego-city-60470-explorers-arctic-polar-express-train-age-7-building-blocks-2025-1517pcs","created","10829433995576",""
"lego-75435-lego-star-wars-75435-battle-of-felucia-separatist-mtt-age-9-building-blocks-2025-976pcs","created","10829434061112",""
"lego-75367-lego-d2c-star-wars-75367-venator-class-republic-attack-cruiser-age-18-building-blocks-2036-5374pcs","created","10829434192184",""
"lego-75397-lego-d2c-star-wars-tm-75397-ucs-jabba-s-sail-barge-age-18-building-blocks-2024-3942pcs","created","10829434224952",""
"lego-75192-lego-d2c-75192-star-wars-ucs-millennium-falcon-age-16-building-blocks-2017-7541pcs","created","10829434257720",""
"lego-10360-lego-d2c-icons-10360-shuttle-carrier-aircraft-age-18-building-blocks-2025-2417pcs","created","10829434290488",""
"lego-10354-lego-d2c-icons-10354-lord-of-the-rings-bag-end-age-18-building-blocks-2025-2017pcs","created","10829434323256",""
"lego-75409-lego-d2c-star-wars-75409-ucs-jango-fett-s-starship-age-18-building-blocks-2025-2970pcs","created","10829434421560",""
"lego-42673-lego-friends-42673-family-vacation-beach-resort-age-8-building-blocks-2025-1140pcs","created","10829434487096",""
"lego-10356-lego-d2c-icons-10356-star-trek-enterprise-d-age-18-building-blocks-2025-3600pcs","created","10829434519864",""
"lego-75419-lego-d2c-star-wars-75419-ucs-death-star-age-18-building-blocks-2025-9021pcs","created","10829434585400",""
"lego-75446-lego-star-wars-75446-grogu-mandalorian-apprentice-1200-pieces-building-blocks","created","10829434618168",""
"lego-75447-lego-star-wars-75447-the-razor-crest-930-pieces-building-blocks","created","10829434716472",""
"lego-75430-lego-star-wars-75430-wicket-the-ewok-age-12-building-blocks-2025-1010pcs","created","10829434749240",""
"lego-76470-lego-harry-potter-76470-enchanted-flying-ford-anglia-868-pieces-building-blocks","created","10829434782008",""
"lego-10462-lego-duplo-10462-frozen-creative-box-with-elsa-and-olaf-37-pieces-building-blocks","created","10829434913080",""
"lego-10464-lego-duplo-10464-team-spidey-webquarters-65-pieces-building-blocks","created","10829435044152",""
"lego-10469-lego-duplo-10469-pizza-girls-with-muffin-and-bluey-44-pieces-building-blocks","created","10829435175224",""
"lego-10472-lego-duplo-10472-animal-building-game-94-pieces-building-blocks","created","10829435470136",""
"lego-10478-lego-duplo-10478-3-in-1-creative-ramps-with-vehicles-111-pieces-building-blocks","created","10829435928888",""
"lego-10479-lego-duplo-10479-colorful-creative-box-80-pieces-building-blocks","created","10829436420408",""
"lego-10480-lego-duplo-10480-discovery-forest-with-wild-animals-131-pieces-building-blocks","created","10829436780856",""
"lego-11045-lego-classic-11045-creative-colorful-bricks-820-pieces-building-blocks","created","10829437370680",""
"lego-11209-lego-disney-junior-11209-ultron-vs-iron-man-96-pieces-building-blocks","created","10829437665592",""
"lego-11211-lego-disney-junior-11211-loki-vs-team-iron-man-200-pieces-building-blocks","created","10829437796664",""
"lego-11216-lego-bluey-11216-grannies-with-bingo-and-bluey-80-pieces-building-blocks","created","10829438058808",""
"lego-11217-lego-bluey-11217-brick-built-bluey-family-466-pieces-building-blocks","created","10829438386488",""
"lego-11221-lego-bluey-11221-school-with-rusty-and-bluey-106-pieces-building-blocks","created","10829439009080",""
"lego-11380-lego-icons-11380-road-bike-1015-pieces-building-blocks","created","10829439303992",""
"lego-11505-lego-botanicals-11505-woodland-mushrooms-837-pieces-building-blocks","created","10829439402296",""
"lego-11511-lego-botanicals-11511-water-lilies-259-pieces-building-blocks","created","10829439435064",""
"lego-11514-lego-botanicals-11514-cosmos-flowers-171-pieces-building-blocks","created","10829439467832",""
"lego-21066-lego-architecture-21066-new-york-city-the-big-apple-1465-pieces-building-blocks","created","10829439500600",""
"lego-21368-lego-ideas-21368-peanuts-snoopy-s-dog-house-964-pieces-building-blocks","created","10829439598904",""
"lego-21592-lego-minecraft-21592-chicken-jockey-desert-attack-428-pieces-building-blocks","created","10829439631672",""
"lego-21593-lego-minecraft-21593-first-night-adventure-301-pieces-building-blocks","created","10829439664440",""
"lego-21594-lego-minecraft-21594-the-skeleton-502-pieces-building-blocks","created","10829439697208",""
"lego-21595-lego-minecraft-21595-the-ender-dragon-710-pieces-building-blocks","created","10829439729976",""
"lego-21596-lego-minecraft-21596-evoker-village-attack-607-pieces-building-blocks","created","10829439762744",""
"lego-21597-lego-minecraft-21597-ghast-station-754-pieces-building-blocks","created","10829439861048",""
"lego-21598-lego-minecraft-21598-underwater-adventure-310-pieces-building-blocks","created","10829439926584",""
"lego-31383-lego-creator-3-in-1-31383-floral-decor-perfume-bottle-286-pieces-building-blocks","created","10829439959352",""
"lego-31386-lego-creator-3-in-1-31386-wild-animals-majestic-lion-839-pieces-building-blocks","created","10829440024888",""
"lego-31387-lego-creator-3-in-1-31387-iconic-pirate-ship-1074-pieces-building-blocks","created","10829440057656",""
"lego-31389-lego-creator-3-in-1-31389-iconic-ferris-wheel-916-pieces-building-blocks","created","10829440713016",""
"lego-31390-lego-creator-3-in-1-31390-floral-art-decor-painting-348-pieces-building-blocks","created","10829440811320",""
"lego-31391-lego-creator-3-in-1-31391-art-fashion-bag-with-storage-272-pieces-building-blocks","created","10829440942392",""
"lego-31392-lego-creator-3-in-1-31392-music-decor-piano-with-cat-485-pieces-building-blocks","created","10829441007928",""
"lego-31393-lego-creator-3-in-1-31393-forest-animals-gray-wolf-657-pieces-building-blocks","created","10829441073464",""
"lego-42229-lego-technic-42229-fast-and-furious-mitsubishi-eclipse-car-827-pieces-building-blocks","created","10829441204536",""
"lego-42231-lego-technic-42231-fast-and-furious-dodge-charger-r-t-car-1516-pieces-building-blocks","created","10829441237304",""
"lego-42241-lego-technic-42241-green-bugatti-chiron-pur-sport-hypercar-771-pieces-building-blocks","created","10829441401144",""
"lego-42676-lego-friends-42676-fun-water-park-day-278-pieces-building-blocks","created","10829441532216",""
"lego-42682-lego-friends-42682-nature-glamping-cabin-295-pieces-building-blocks","created","10829441630520",""
"lego-42690-lego-friends-42690-forest-tea-party-116-pieces-building-blocks","created","10829441794360",""
"lego-42693-lego-friends-42693-creative-flower-shop-377-pieces-building-blocks","created","10829441958200",""
"lego-42694-lego-friends-42694-pizza-truck-190-pieces-building-blocks","created","10829442122040",""
"lego-42700-lego-friends-42700-candy-and-cupcake-ferris-wheel-602-pieces-building-blocks","created","10829442220344",""
"lego-42702-lego-friends-42702-spinning-flower-and-fairy-teacup-ride-321-pieces-building-blocks","created","10829442384184",""
"lego-42703-lego-friends-42703-mermaid-roller-coaster-ride-864-pieces-building-blocks","created","10829442515256",""
"lego-42704-lego-friends-42704-heartlake-city-grand-hotel-1406-pieces-building-blocks","created","10829442613560",""
"lego-42705-lego-friends-42705-cozy-fall-forest-cabin-1229-pieces-building-blocks","created","10829442810168",""
"lego-43017-lego-editions-vehicles-43017-mclaren-mastercard-f1-team-oscar-piastri-helmet-792-pieces-building-blocks","created","10829442908472",""
"lego-43018-lego-editions-sports-43018-lionel-messi-celebration-1427-pieces-building-blocks","created","10829443039544",""
"lego-43023-lego-editions-vehicles-43023-mclaren-mastercard-f1-team-lando-norris-helmet-793-pieces-building-blocks","created","10829443137848",""
"lego-43280-lego-disney-classic-43280-beach-fun-with-lilo-and-stitch-113-pieces-building-blocks","created","10829443203384",""
"lego-43282-lego-disney-princess-43282-village-house-and-boat-85-pieces-building-blocks","created","10829443367224",""
"lego-43283-lego-disney-princess-43283-cinderella-animal-friends-castle-149-pieces-building-blocks","created","10829443498296",""
"lego-43289-lego-disney-princess-43289-belle-and-the-beast-s-enchanted-castle-255-pieces-building-blocks","created","10829443596600",""
"lego-43292-lego-disney-princess-43292-pua-885-pieces-building-blocks","created","10829443727672",""
"lego-43293-lego-disney-princess-43293-kakamora-407-pieces-building-blocks","created","10829443825976",""
"lego-43294-lego-disney-princess-43294-rapunzel-s-mini-tower-171-pieces-building-blocks","created","10829444022584",""
"lego-43295-lego-disney-princess-43295-jasmine-s-jewelry-box-458-pieces-building-blocks","created","10829444317496",""
"lego-43296-lego-disney-classic-43296-stitch-and-scrump-713-pieces-building-blocks","created","10829444514104",""
"lego-43297-lego-disney-princess-43297-rapunzel-s-castle-676-pieces-building-blocks","created","10829444940088",""
"lego-43299-lego-disney-princess-43299-ariel-s-royal-wedding-boat-519-pieces-building-blocks","created","10829445562680",""
"lego-60480-lego-city-60480-yellow-backhoe-loader-301-pieces-building-blocks","created","10829446054200",""
"lego-60492-lego-city-60492-passenger-jet-118-pieces-building-blocks","created","10829446578488",""
"lego-60494-lego-city-60494-dump-truck-and-front-end-loader-1132-pieces-building-blocks","created","10829447135544",""
"lego-60496-lego-city-60496-pizza-delivery-experience-with-vehicles-494-pieces-building-blocks","created","10829447692600",""
"lego-60497-lego-city-60497-drive-through-car-wash-583-pieces-building-blocks","created","10829448184120",""
"lego-60501-lego-city-60501-lava-land-roller-coaster-park-1165-pieces-building-blocks","created","10829449003320",""
"lego-60506-lego-city-60506-classic-beach-streetcar-693-pieces-building-blocks","created","10829449331000",""
"lego-60511-lego-city-60511-vintage-steam-train-575-pieces-building-blocks","created","10829449560376",""
"lego-60512-lego-city-60512-mountain-bike-adventure-van-260-pieces-building-blocks","created","10829450051896",""
"lego-71862-lego-ninjago-71862-lloyd-s-dragon-mech-battle-pack-81-pieces-building-blocks","created","10829450740024",""
"lego-71863-lego-ninjago-71863-zilvar-and-grimtak-the-dragon-beast-232-pieces-building-blocks","created","10829451198776",""
"lego-71864-lego-ninjago-71864-kai-and-cole-s-combiner-vehicles-394-pieces-building-blocks","created","10829451755832",""
"lego-71865-lego-ninjago-71865-zane-s-ice-dragon-battle-141-pieces-building-blocks","created","10829452476728",""
"lego-71867-lego-ninjago-71867-x-1-ninja-charger-15th-anniversary-691-pieces-building-blocks","created","10829452869944",""
"lego-71868-lego-ninjago-71868-wyldfyre-s-transforming-dragon-mech-821-pieces-building-blocks","created","10829453525304",""
"lego-71869-lego-ninjago-71869-land-bounty-1214-pieces-building-blocks","created","10829454246200",""
"lego-71870-lego-ninjago-71870-the-twin-titan-mechs-1707-pieces-building-blocks","created","10829454704952",""
"lego-71871-lego-ninjago-71871-battle-at-the-dragon-s-blade-1016-pieces-building-blocks","created","10829455130936",""
"lego-71872-lego-ninjago-71872-ultra-dragon-battle-2178-pieces-building-blocks","created","10829455851832",""
"lego-72423-lego-shrek-72423-shrek-donkey-and-puss-in-boots-1403-pieces-building-blocks","created","10829456539960",""
"lego-76346-lego-super-heroes-marvel-76346-spider-man-hero-figure-813-pieces-building-blocks","created","10829457162552",""
"lego-76349-lego-super-heroes-marvel-76349-spider-man-prison-transport-chase-367-pieces-building-blocks","created","10829457883448",""
"lego-76350-lego-super-heroes-marvel-76350-spider-man-vs-hulk-epic-clash-533-pieces-building-blocks","created","10829458506040",""
"lego-76354-lego-super-heroes-marvel-76354-s-h-i-e-l-d-helicarrier-3057-pieces-building-blocks","created","10829459030328",""
"lego-76462-lego-harry-potter-76462-hogwarts-house-crest-545-pieces-building-blocks","created","10829459489080",""
"lego-76469-lego-harry-potter-76469-dobby-the-free-elf-379-pieces-building-blocks","created","10829459980600",""
"lego-76471-lego-harry-potter-76471-knockturn-alley-wizarding-shops-788-pieces-building-blocks","created","10829461291320",""
"lego-76473-lego-harry-potter-76473-hogwarts-castle-east-wing-2164-pieces-building-blocks","created","10829462831416",""
"lego-76474-lego-harry-potter-76474-hogwarts-herbology-plants-817-pieces-building-blocks","created","10829463945528",""
"lego-76475-lego-harry-potter-76475-forbidden-forest-expecto-patronum-244-pieces-building-blocks","created","10829464338744",""
"lego-77260-lego-speed-champions-77260-the-fast-and-the-furious-toyota-supra-mk-292-pieces-building-blocks","created","10829464928568",""
"lego-77261-lego-speed-champions-77261-ferrari-499p-329-pieces-building-blocks","created","10829465715000",""
"lego-77262-lego-speed-champions-77262-ken-block-s-65-ford-mustang-hoonicorn-v-345-pieces-building-blocks","created","10829467681080",""
"lego-77985-lego-jurassic-world-77985-dinosaur-fossils-triceratops-1154-pieces-building-blocks","created","10829467975992",""
"lego-43263-lego-d2c-disney-princess-43263-beauty-and-the-beast-castle-age-18-building-blocks-2025-2916pcs","created","10829468041528",""
"lego-76300-lego-d2c-super-heroes-76300-arkham-asylum-age-18-building-blocks-2025-2953pcs","created","10829468074296",""
"lego-11371-lego-icons-11371-shopping-street-3456-pieces-building-blocks","created","10829469024568",""
"lego-11503-lego-botanicals-11503-flower-wall-879-pieces-building-blocks","created","10829469745464",""
"lego-10345-lego-d2c-botanicals-10345-flower-arrangement-age-18-building-blocks-2025-1161pcs","created","10829469909304",""
"lego-21356-lego-d2c-ideas-21356-river-steamboat-age-18-building-blocks-2025-4090pcs","created","10829469974840",""
"lego-77072-lego-d2c-fortnite-77072-peely-bone-age-18-building-blocks-2024-1414pcs","created","10829470073144",""
"lego-77073-lego-d2c-fortnite-77073-battle-bus-age-10-building-blocks-2024-954pcs","created","10829470138680",""
"lego-77071-lego-d2c-fortnite-77071-supply-llama-age-12-building-blocks-2024-691pcs","created","10829470171448",""
"lego-42172-lego-d2c-technic-42172-mclaren-supercar-age-18-building-blocks-2024-3893pcs","created","10829470236984",""
"lego-10355-lego-d2c-icons-10355-blacktron-renegade-age-18-building-blocks-2025-1151pcs","created","10829470269752",""
"lego-10307-lego-d2c-icons-10307-eiffel-tower-age-18-building-blocks-2023-10001pcs","created","10829470302520",""
"lego-42674-lego-d2c-friends-42674-comic-book-and-game-shop-age-9-building-blocks-2025-1003pcs","created","10829470368056",""
"lego-40643-lego-lel-iconic-40643-jade-rabbit-age-8-building-blocks-2023-288pcs","created","10829470433592",""
"lego-20204b-0021-brick-1x2-backpack-light-bright-red","created","10829470466360",""
"lego-20205b-0021-brick-2x2-backpack-light-bright-red","created","10829470499128",""
"lego-20205b-0024-brick-2x2-backpack-light-bright-yellow","created","10829470662968",""
"lego-20207b-0021-brick-1x2-sling-bag-light-bright-red","created","10829470728504",""
"lego-20207b-0024-brick-1x2-sling-bag-light-bright-yellow","created","10829470761272",""
"lego-20207b-0140-brick-1x2-sling-bag-light-earth-blue","created","10829470794040",""
"lego-40806-lego-seasons-and-occasions-40806-gingerbread-at-at-walker-age-10-building-blocks-2025-697pcs","created","10829470826808",""
"lego-11206-lego-spidey-11206-spidey-on-his-motorcycle-vs-rhino-61-pieces-building-blocks","created","10829470892344",""
"lego-42240-lego-technic-42240-aston-martin-aramco-amr25-f1-car-1547-pieces-building-blocks","created","10829470957880",""
"lego-77081-lego-fortnite-77081-kit-1231-pieces-building-blocks","created","10829471056184",""
"lego-75459-lego-star-wars-75459-imperial-lambda-class-shuttle-961-pieces-building-blocks","created","10829471121720",""
"lego-76356-lego-super-heroes-76356-venom-bust-413-pieces-building-blocks","created","10829471187256",""
"lego-40813-lego-lel-seasons-and-occasions-40813-lucky-cat-age-9-building-blocks-2025-280pcs","created","10829471252792",""
"lego-21361-lego-ideas-21361-gremlins-gizmo-posable-figure-1125-pieces-building-blocks","created","10829471351096",""
"lego-80119-lego-chinese-festivals-80119-galloping-horses-canvas-1650-pieces-building-blocks","created","10829471482168",""
"lego-80118-lego-chinese-festivals-80118-fortune-firecracker-1039-pieces-building-blocks","created","10829471514936",""
"lego-40820-lego-seasons-and-occasions-40820-up-scaled-santa-minifigure-age-10-building-blocks-2025-761pcs","created","10829471580472",""
"lego-40638-lego-lel-iconic-40638-heart-ornament-age-9-building-blocks-2023-254pcs","created","10829471711544",""
"lego-10788-lego-gabby-s-dollhouse-10788-gabby-s-dollhouse-age-4-building-blocks-2023-498pcs","created","10829471744312",""
"lego-11207-lego-spidey-11207-spidey-underwater-vehicles-154-pieces-building-blocks","created","10829471842616",""
"lego-11208-lego-spidey-11208-team-spidey-pirate-ship-201-pieces-building-blocks","created","10829471940920",""
"lego-11215-lego-gabby-s-dollhouse-11215-gabby-s-brick-built-cat-friends-324-pieces-building-blocks","created","10829472006456",""
"lego-40864-lego-seasons-and-occasions-40864-fortune-master-386-pieces-building-blocks","created","10829472104760",""
"lego-40867-lego-seasons-and-occasions-40867-love-letters-345-pieces-building-blocks","created","10829472235832",""
"lego-40920-lego-seasons-and-occasions-40920-bugs-bunny-605-pieces-building-blocks","created","10829472301368",""
"lego-71051-lego-minifigures-71051-animals-series-28-7-pieces-building-blocks","created","10829472366904",""
"lego-77117-lego-sonic-77117-sonic-speedster-lightning-126-pieces-building-blocks","created","10829472399672",""
"lego-77118-lego-sonic-77118-silver-s-car-vs-knuckles-monster-truck-378-pieces-building-blocks","created","10829472497976",""
"lego-75688-lego-wicked-75688-glinda-s-wedding-day-age-8-building-blocks-2025-476pcs","created","10829472563512",""
"lego-75689-lego-wicked-75689-emerald-city-and-kiamo-ko-castle-age-9-building-blocks-2025-860pcs","created","10829472629048",""
"lego-42644-lego-friends-42644-heartlake-city-ice-cream-truck-age-4-building-blocks-2025-92pcs","created","10829472727352",""
"lego-42663-lego-friends-42663-friendship-camper-van-adventure-age-7-building-blocks-2025-778pcs","created","10829472792888",""
"lego-71052-lego-minifigures-71052-series-29-8-pieces-building-blocks","created","10829473284408",""
"lego-77079-lego-fortnite-77079-tomatohead-210-pieces-building-blocks","created","10829473382712",""
"lego-77080-lego-fortnite-77080-supply-drop-314-pieces-building-blocks","created","10829473481016",""
"lego-77082-lego-fortnite-77082-rave-cave-1963-pieces-building-blocks","created","10829473546552",""
"lego-80120-lego-chinese-festivals-80120-prosperity-carp-leaping-736-pieces-building-blocks","created","10829473612088",""
"lego-80121-lego-chinese-festivals-80121-ancient-moon-gazing-inn-1530-pieces-building-blocks","created","10829473677624",""
"lego-40871-lego-seasons-and-occasions-40871-gift-box-celebration-224-pieces-building-blocks","created","10829473743160",""
"lego-40811-lego-lel-seasons-and-occasions-40811-altar-of-the-dead-age-9-building-blocks-2025-231pcs","created","10829473808696",""
"lego-40825-lego-lel-seasons-and-occasions-40825-halloween-wreath-age-12-building-blocks-2025-617pcs","created","10829473841464",""
