"handle","status"
"lego-77243-lego-speed-champions-77243-oracle-red-bull-racing-rb20-f1-race-car-age-18-building-blocks-2025-251pcs","missing"
"lego-10328-lego-icons-10328-bouquet-of-roses-age-18-building-blocks-2023-822pcs","missing"
"lego-77242-lego-speed-champions-77242-ferrari-sf-24-f1-race-car-age-10-building-blocks-2025-275pcs","missing"
"lego-77255-lego-speed-champions-77255-lightning-mcqueen-270-pieces-building-blocks","missing"
"lego-77244-lego-speed-champions-77244-mercedes-amg-f1-w15-race-car-age-10-building-blocks-2025-267pcs","missing"
"lego-77256-lego-speed-champions-77256-time-machine-from-back-to-the-future-357-pieces-building-blocks","missing"
"lego-77241-lego-speed-champions-77241-2-fast-2-furious-honda-s2000-age-9-building-blocks-2025-300pcs","missing"
"lego-77252-lego-speed-champions-77252-apxgp-team-race-car-from-f1-the-movie-268-pieces-building-blocks","missing"
"lego-76917-lego-speed-champions-76917-2-fast-2-furious-nissan-skyline-gt-r-r34-age-9-building-blocks-2023-319pcs","missing"
"lego-11508-lego-botanicals-11508-daisies-133-pieces-building-blocks","missing"
"lego-77251-lego-speed-champions-77251-mclaren-f1-team-mcl38-race-car-age-10-building-blocks-2025-269pcs","live"
"lego-10374-lego-botanicals-10374-bouquet-of-pink-roses-age-18-building-blocks-2025-789pcs","live"
"lego-10342-lego-botanicals-10342-pretty-pink-flower-bouquet-age-18-building-blocks-2025-749pcs","live"
"lego-77254-lego-speed-champions-77254-ferrari-sf90-xx-stradale-sports-car-339-pieces-building-blocks","live"
"lego-71851-lego-ninjago-71851-kai-s-dragon-mech-battle-pack-85-pieces-building-blocks","live"
"lego-10349-lego-botanicals-10349-happy-plants-age-9-building-blocks-2025-217pcs","live"
"lego-77249-lego-speed-champions-77249-williams-racing-fw46-f1-race-car-age-10-building-blocks-2025-263pcs","live"
"lego-11506-lego-botanicals-11506-rocking-plants-253-pieces-building-blocks","live"
"lego-71838-lego-ninjago-71838-kai-s-motorcycle-speed-race-age-6-building-blocks-2025-79pcs","live"
"lego-76335-lego-super-heroes-marvel-76335-spider-man-vs-ghost-rider-motorcycle-72-pieces-building-blocks","live"
"lego-21583-lego-minecraft-21583-steve-s-taiga-adventure-79-pieces-building-blocks","live"
"lego-10369-lego-icons-10369-plum-blossom-age-18-building-blocks-2024-327pcs","live"
"lego-76332-lego-super-heroes-dc-76332-the-batman-batmobile-330-pieces-building-blocks","live"
"lego-10696-lego-classic-10696-medium-creative-brick-box-age-4-99-building-blocks-484pcs","live"
"lego-31376-lego-creator-3-in-1-31376-cute-hamster-with-a-flower-166-pieces-building-blocks","live"
"lego-10313-lego-icons-10313-wildflower-bouquet-age-18-building-blocks-2023-939pcs","live"
"lego-10343-lego-botanicals-10343-mini-orchid-age-18-building-blocks-2025-274pcs","live"
"lego-31140-lego-creator-3-in-1-31140-magical-unicorn-age-7-building-blocks-2023-145pcs","live"
"lego-71827-lego-ninjago-71827-zane-s-battle-suit-mech-age-6-building-blocks-2025-92pcs","live"
"lego-31147-lego-creator-3-in-1-31147-retro-camera-age-8-building-blocks-2023-261pcs","live"
"lego-60312-lego-city-60312-police-car-age-5-building-blocks-2022-94pcs","live"
"lego-71866-lego-ninjago-71866-ninja-character-display-15th-anniversary-447-pieces-building-blocks","live"
"lego-75436-lego-star-wars-75436-the-mandalorian-and-grogu-s-speeder-bike-58-pieces-building-blocks","live"
"lego-10280-lego-creator-expert-10280-flower-bouquet-age-18-building-blocks-2021-756pcs","live"
"lego-42197-lego-technic-42197-backhoe-loader-age-7-building-blocks-2025-104pcs","live"
"lego-77253-lego-speed-champions-77253-bugatti-vision-gt-hyper-sports-car-284-pieces-building-blocks","live"
"lego-60430-lego-city-60430-interstellar-spaceship-age-6-building-blocks-2023-240pcs","live"
"lego-71808-lego-ninjago-71808-kai-s-elemental-fire-mech-age-7-building-blocks-2023-322pcs","live"
"lego-40647-lego-lel-iconic-40647-lotus-flowers-age-8-building-blocks-2023-220pcs","live"
"lego-21266-lego-minecraft-21266-the-nether-lava-battle-age-6-building-blocks-2025-99pcs","live"
"lego-10913-lego-duplo-classic-10913-brick-box-age-1-building-blocks-2020-65pcs","live"
"lego-11501-lego-botanicals-11501-tulip-bouquet-576-pieces-building-blocks","live"
"lego-11502-lego-botanicals-11502-sunflower-bouquet-686-pieces-building-blocks","live"
"lego-42225-lego-technic-42225-yellow-motorcycle-151-pieces-building-blocks","live"
"lego-10344-lego-botanicals-10344-lucky-bamboo-age-18-building-blocks-2025-325pcs","live"
"lego-43022-lego-editions-vehicles-43022-scuderia-ferrari-hp-lewis-hamilton-helmet-884-pieces-building-blocks","live"
"lego-60411-lego-city-60411-fire-rescue-helicopter-age-5-building-blocks-2023-85pcs","live"
"lego-60447-lego-city-60447-off-road-4x4-mountain-truck-age-6-building-blocks-2025-221pcs","live"
"lego-31160-lego-creator-3-in-1-31160-aircraft-race-plane-age-7-building-blocks-2025-178pcs","live"
"lego-77239-lego-speed-champions-77239-porsche-911-gt3-rs-super-car-age-9-building-blocks-2025-348pcs","live"
"lego-10311-lego-icons-10311-orchid-age-18-building-blocks-2022-608pcs","live"
"lego-76934-lego-speed-champions-76934-ferrari-f40-supercar-age-9-building-blocks-2024-318pcs","live"
"lego-60486-lego-city-60486-ev-supercar-109-pieces-building-blocks","live"
"lego-76331-lego-super-heroes-dc-76331-batman-v-superman-batmobile-220-pieces-building-blocks","live"
"lego-77257-lego-speed-champions-77257-mclaren-w1-287-pieces-building-blocks","live"
"lego-60488-lego-city-60488-fries-food-truck-216-pieces-building-blocks","live"
"lego-10698-lego-classic-10698-large-creative-brick-box-age-4-99-building-blocks-790pcs","live"
"lego-31146-lego-creator-3-in-1-31146-flatbed-truck-with-helicopter-age-7-building-blocks-2023-270pcs","live"
"lego-77250-lego-speed-champions-77250-moneygram-haas-f1-team-vf-24-race-car-age-10-building-blocks-2025-242pcs","live"
"lego-21365-lego-ideas-21365-love-birds-750-pieces-building-blocks","live"
"lego-10347-lego-botanicals-10347-petite-sunny-bouquet-age-9-building-blocks-2025-373pcs","live"
"lego-71829-lego-ninjago-71829-lloyd-s-green-forest-dragon-age-6-building-blocks-2025-128pcs","live"
"lego-11024-lego-classic-11024-gray-baseplate-age-4-building-blocks-2022-1pcs","live"
"lego-76337-lego-super-heroes-marvel-76337-miles-morales-mech-vs-spider-man-2099-135-pieces-building-blocks","live"
"lego-76460-lego-harry-potter-76460-hogwarts-castle-sorting-hat-ceremony-124-pieces-building-blocks","live"
"lego-10281-lego-creator-expert-10281-bonsai-tree-age-18-building-blocks-2021-878pcs","live"
"lego-77245-lego-speed-champions-77245-aston-martin-aramco-f1-amr24-race-car-age-10-building-blocks-2025-269pcs","live"
"lego-77246-lego-speed-champions-77246-visa-cash-app-rb-vcarb-01-f1-race-car-age-18-building-blocks-2025-248pcs","live"
"lego-42218-lego-technic-42218-john-deere-1470h-wheeled-harvester-117-pieces-building-blocks","live"
"lego-31145-lego-creator-3-in-1-31145-red-dragon-age-6-building-blocks-2023-149pcs","live"
"lego-76334-lego-super-heroes-marvel-76334-epic-battle-spider-man-vs-sandman-201-pieces-building-blocks","live"
"lego-43014-lego-editions-vehicles-43014-scuderia-ferrari-hp-charles-leclerc-helmet-886-pieces-building-blocks","live"
"lego-31134-lego-creator-3-in-1-31134-space-shuttle-age-6-building-blocks-2023-144pcs","live"
"lego-60452-lego-city-60452-donut-truck-age-5-building-blocks-2025-196pcs","live"
"lego-60443-lego-city-60443-f1-pit-stop-and-pit-crew-with-ferrari-car-age-6-building-blocks-2025-322pcs","live"
"lego-71839-lego-ninjago-71839-arin-s-spinjitzu-battle-mech-age-7-building-blocks-2025-213pcs","live"
"lego-21586-lego-minecraft-21586-the-pale-garden-243-pieces-building-blocks","live"
"lego-10368-lego-icons-10368-chrysanthemum-age-18-building-blocks-2024-278pcs","live"
"lego-31377-lego-creator-3-in-1-31377-turtle-with-a-water-lily-flower-124-pieces-building-blocks","live"
"lego-10329-lego-icons-10329-tiny-plants-age-18-building-blocks-2023-758pcs","live"
"lego-75345-lego-star-wars-75345-501st-clone-troopers-battle-pack-age-6-building-blocks-2023-119pcs","live"
"lego-11375-lego-icons-11375-ferrari-f2004-and-michael-schumacher-735-pieces-building-blocks","live"
"lego-42212-lego-technic-42212-ferrari-fxx-k-age-10-building-blocks-2025-897pcs","live"
"lego-21276-lego-minecraft-21276-the-creeper-age-10-building-blocks-2025-665pcs","live"
"lego-75375-lego-star-wars-75375-millenium-falcon-age-18-building-blocks-2024-921pcs","live"
"lego-11026-lego-classic-11026-white-baseplate-age-4-building-blocks-2022-1pcs","live"
"lego-75391-lego-star-wars-75391-captain-rex-y-wing-microfighter-age-6-building-blocks-2024-99pcs","live"
"lego-42213-lego-technic-42213-ford-bronco-suv-age-9-building-blocks-2025-943pcs","live"
"lego-10914-lego-duplo-classic-10914-deluxe-brick-box-age-1-building-blocks-2020-85pcs","live"
"lego-21585-lego-minecraft-21585-chicken-farm-233-pieces-building-blocks","live"
"lego-11509-lego-botanicals-11509-flowering-cactus-482-pieces-building-blocks","live"
"lego-75372-lego-star-wars-75372-clone-trooper-and-battle-droid-battle-pack-age-7-building-blocks-2023-215pcs","live"
"lego-77248-lego-speed-champions-77248-bwt-alpine-f1-team-a524-race-car-age-10-building-blocks-2025-258pcs","live"
"lego-10474-lego-duplo-10474-creative-vehicles-42-pieces-building-blocks","live"
"lego-10475-lego-duplo-10475-3-in-1-construction-vehicles-22-pieces-building-blocks","live"
"lego-31218-lego-art-31218-japanese-cherry-blossom-landscape-1892-pieces-building-blocks","live"
"lego-11389-lego-icons-11389-project-hail-mary-830-pieces-building-blocks","live"
"lego-11373-lego-icons-11373-the-lord-of-the-rings-sauron-s-helmet-538-pieces-building-blocks","live"
"lego-43032-lego-editions-sports-43032-fifa-world-cup-2026-official-emblem-298-pieces-building-blocks","live"
"lego-43304-lego-disney-pixar-43304-toy-story-wild-west-209-pieces-building-blocks","live"
"lego-43306-lego-disney-pixar-43306-lotso-570-pieces-building-blocks","live"
"lego-76308-lego-super-heroes-marvel-76308-spider-man-mech-vs-anti-venom-age-6-building-blocks-2025-107pcs","live"
"lego-11039-lego-classic-11039-creative-food-friends-age-4-building-blocks-2025-150pcs","live"
"lego-60442-lego-city-60442-f1-driver-with-mclaren-race-car-age-6-building-blocks-2025-86pcs","live"
"lego-21267-lego-minecraft-21267-the-illager-desert-patrol-age-7-building-blocks-2025-105pcs","live"
"lego-31159-lego-creator-3-in-1-31159-wild-animal-surprising-spider-age-7-building-blocks-2025-153pcs","live"
"lego-71826-lego-ninjago-71826-dragon-spinjitzu-battle-pack-age-6-building-blocks-2025-186pcs","live"
"lego-21274-lego-minecraft-21274-the-warden-encounter-age-7-building-blocks-2025-238pcs","live"
"lego-75639-lego-one-piece-75639-the-going-merry-pirate-ship-age-10-building-blocks-2025-1376pcs","live"
"lego-60455-lego-city-60455-police-motorcycle-chase-age-4-building-blocks-2025-65pcs","live"
"lego-42198-lego-technic-42198-bush-plane-age-8-building-blocks-2025-333pcs","live"
"lego-60464-lego-city-60464-f1-williams-racing-and-haas-f1-race-cars-age-4-building-blocks-2025-92pcs","live"
"lego-71853-lego-ninjago-71853-jay-s-dragon-mech-fight-107-pieces-building-blocks","live"
"lego-77237-lego-speed-champions-77237-dodge-challenger-srt-hellcat-sports-car-age-9-building-blocks-2025-390pcs","live"
"lego-10460-lego-duplo-10460-green-building-plate-age-1-building-blocks-2025-1pc","live"
"lego-42681-lego-friends-42681-axolotl-adventure-boat-95-pieces-building-blocks","live"
"lego-60500-lego-city-60500-the-lego-van-276-pieces-building-blocks","live"
"lego-76924-lego-speed-champions-76924-mercedes-amg-gt-roadster-2024-and-amg-g-63-age-10-building-blocks-2024-806pcs","live"
"lego-10941-lego-duplo-10941-mickey-and-minnie-birthday-train-age-2-building-blocks-2021-22pcs","live"
"lego-60454-lego-city-60454-holiday-adventure-camper-van-age-6-building-blocks-2025-385pcs","live"
"lego-31165-lego-creator-3-in-1-31165-wild-animals-panda-family-age-8-building-blocks-2025-626pcs","live"
"lego-10372-lego-botanicals-10372-hibiscus-age-18-building-blocks-2025-660pcs","live"
"lego-71828-lego-ninjago-71828-lloyd-s-pull-back-race-car-age-7-building-blocks-2025-181pcs","live"
"lego-42221-lego-technic-42221-nasa-artemis-space-launch-system-rocket-632-pieces-building-blocks","live"
"lego-60484-lego-city-60484-rides-gaming-race-car-64-pieces-building-blocks","live"
"lego-75448-lego-star-wars-75448-clone-shock-trooper-mech-151-pieces-building-blocks","live"
"lego-31379-lego-creator-3-in-1-31379-fierce-dinosaur-283-pieces-building-blocks","live"
"lego-42173-lego-technic-42173-koenigsegg-jesko-absolut-grey-hypercar-age-10-building-blocks-2024-801pcs","live"
"lego-75636-lego-one-piece-75636-windmill-village-hut-age-8-building-blocks-2025-299pcs","live"
"lego-21333-lego-d2c-ideas-21333-van-gogh-starry-night-age-18-building-blocks-2022-2316pcs","live"
"lego-10373-lego-botanicals-10373-mini-bonsai-trees-age-18-building-blocks-2025-709pcs","live"
"lego-60367-lego-city-60367-passenger-airplane-age-7-building-blocks-2023-913pcs","live"
"lego-21587-lego-minecraft-21587-zombie-dungeon-284-pieces-building-blocks","live"
"lego-42675-lego-friends-42675-unicorn-cake-delivery-car-67-pieces-building-blocks","live"
"lego-60487-lego-city-60487-yellow-taxi-122-pieces-building-blocks","live"
"lego-42219-lego-technic-42219-monster-jam-grave-digger-fire-and-ice-263-pieces-building-blocks","live"
"lego-31380-lego-creator-3-in-1-31380-retro-gaming-console-268-pieces-building-blocks","live"
"lego-10477-lego-duplo-10477-3-in-1-creative-cute-pets-24-pieces-building-blocks","live"
"lego-60482-lego-city-60482-rides-fire-truck-67-pieces-building-blocks","live"
"lego-76330-lego-super-heroes-dc76330-batman-logo-678-pieces-building-blocks","live"
"lego-10348-lego-botanicals-10348-japanese-red-maple-bonsai-tree-age-18-building-blocks-2025-474pcs","live"
"lego-31214-lego-art-31214-love-age-18-building-blocks-2025-791pcs","live"
"lego-43011-lego-editions-sports-43011-lionel-messi-soccer-highlights-500-pieces-building-blocks","live"
"lego-43012-lego-editions-sports-43012-cristiano-ronaldo-soccer-highlights-490-pieces-building-blocks","live"
"lego-43013-lego-editions-sports-43013-kylian-mbapp-soccer-highlights-490-pieces-building-blocks","live"
"lego-43027-lego-editions-sports-43027-vini-jr-soccer-highlights-510-pieces-building-blocks","live"
"lego-43301-lego-disney-pixar-43301-toy-story-slinky-dog-bookends-1311-pieces-building-blocks","live"
"lego-43307-lego-disney-pixar-43307-alien-with-pizza-planet-rocket-ride-714-pieces-building-blocks","live"
"lego-43015-lego-editions-sports-43015-lionel-messi-soccer-legend-958-pieces-building-blocks","live"
"lego-43016-lego-editions-sports-43016-cristiano-ronaldo-soccer-legend-854-pieces-building-blocks","live"
"lego-21268-lego-minecraft-21268-the-baby-pig-house-age-7-building-blocks-2025-238pcs","live"
"lego-10454-lego-duplo-10454-mickey-mouse-clubhouse-and-car-age-2-building-blocks-2025-27pcs","live"
"lego-10954-lego-duplo-10954-number-train-learn-to-count-age-1-building-blocks-2021-23pcs","live"
"lego-42204-lego-technic-42204-fast-and-furious-toyota-supra-mk4-age-9-building-blocks-2025-810pcs","live"
"lego-42200-lego-technic-42200-monster-jam-thunderroarus-pull-back-age-7-building-blocks-2025-232pcs","live"
"lego-10412-lego-duplo-10412-animal-train-age-1-building-blocks-2023-19pcs","live"
"lego-11023-lego-classic-11023-green-baseplate-age-4-building-blocks-2022-1pcs","live"
"lego-21357-lego-ideas-21357-disney-pixar-lamp-age-18-building-blocks-2025-613pcs","live"
"lego-72032-lego-super-mario-72032-mario-kart-standard-kart-age-7-building-blocks-2025-174pcs","live"
"lego-77240-lego-speed-champions-77240-bugatti-centodieci-hyper-sports-car-age-9-building-blocks-2025-291pcs","live"
"lego-71834-lego-ninjago-71834-zane-s-ultra-combiner-mech-age-9-building-blocks-2025-1187pcs","live"
"lego-42227-lego-technic-42227-jeep-wrangler-rubicon-suv-723-pieces-building-blocks","live"
"lego-75411-lego-star-wars-75411-darth-maul-mech-age-6-building-blocks-2025-143pcs","live"
"lego-75400-lego-star-wars-75400-plo-koon-s-jedi-starfighter-microfighter-age-6-building-blocks-2025-89pcs","live"
"lego-72043-lego-super-mario-72043-interactive-lego-mario-and-standard-kart-age-7-building-blocks-2025-278pcs","live"
"lego-43249-lego-disney-classic-43249-stitch-age-9-building-blocks-2024-730pcs","live"
"lego-11036-lego-classic-11036-creative-vehicles-age-5-building-blocks-2023-900pcs","live"
"lego-21269-lego-minecraft-21269-the-armadillo-mine-expedition-age-8-building-blocks-2025-247pcs","live"
"lego-11504-lego-botanicals-11504-peace-lily-474-pieces-building-blocks","live"
"lego-11025-lego-classic-11025-blue-baseplate-age-4-building-blocks-2022-1pcs","live"
"lego-77238-lego-speed-champions-77238-lamborghini-revuelto-and-hurac-n-sto-age-10-building-blocks-2025-607pcs","live"
"lego-10442-lego-duplo-10442-wild-animal-families-penguins-and-lions-age-2-building-blocks-2025-10pcs","live"
"lego-42167-lego-technic-42167-mack-lr-electric-garbage-truck-age-8-building-blocks-2023-503pcs","live"
"lego-42665-lego-friends-42665-puppy-playground-age-4-building-blocks-2025-66pcs","live"
"lego-43264-lego-disney-pixar-43264-toy-story-celebration-train-and-rc-car-age-4-building-blocks-2025-206pcs","live"
"lego-75449-lego-star-wars-75449-siege-of-mandalore-battle-pack-116-pieces-building-blocks","live"
"lego-71832-lego-ninjago-71832-thunderfang-dragon-of-chaos-age-8-building-blocks-2025-668pcs","live"
"lego-76450-lego-harry-potter-76450-book-nook-hogwarts-express-age-10-building-blocks-2025-832pcs","live"
"lego-60407-lego-city-60407-red-double-decker-sightseeing-bus-age-7-building-blocks-2024-384pcs","live"
"lego-31213-lego-art-31213-mona-lisa-age-18-building-blocks-2024-1503pcs","live"
"lego-21064-lego-architecture-21064-paris-city-of-love-958-pieces-building-blocks","live"
"lego-60479-lego-city-60479-police-prisoner-transport-van-198-pieces-building-blocks","live"
"lego-43300-lego-disney-classic-43300-winnie-the-pooh-1399-pieces-building-blocks","live"
"lego-76967-lego-jurassic-world-76967-little-eatie-t-rex-age-7-building-blocks-2025-317pcs","live"
"lego-42648-lego-friends-42648-panda-sanctuary-animal-care-age-7-building-blocks-2025-243pcs","live"
"lego-71439-lego-super-mario-71439-adventures-with-interactive-lego-mario-age-6-building-blocks-2024-218pcs","live"
"lego-42666-lego-friends-42666-cat-birthday-party-and-tree-house-age-6-building-blocks-2025-321pcs","live"
"lego-43271-lego-disney-classic-43271-lucky-and-penny-101-dalmatians-puppies-age-6-building-blocks-2025-268pcs","live"
"lego-75441-lego-star-wars-75441-venator-class-attack-cruiser-643-pieces-building-blocks","live"
"lego-76459-lego-harry-potter-76459-hagrid-and-harry-s-privet-drive-escape-124-pieces-building-blocks","live"
"lego-75437-lego-star-wars-75437-cobb-vanth-s-speeder-207-pieces-building-blocks","live"
"lego-31381-lego-creator-3-in-1-31381-fierce-shark-with-a-treasure-chest-379-pieces-building-blocks","live"
"lego-31384-lego-creator-3-in-1-31384-wild-animals-colorful-hummingbird-312-pieces-building-blocks","live"
"lego-60498-lego-city-60498-tractor-204-pieces-building-blocks","live"
"lego-75440-lego-star-wars-75440-at-at-525-pieces-building-blocks","live"
"lego-76336-lego-super-heroes-marvel-76336-spider-man-car-vs-venomized-wolverine-134-pieces-building-blocks","live"
"lego-43279-lego-disney-pixar-43279-wall-e-and-eve-age-18-building-blocks-2025-811pcs","live"
"lego-31208-lego-art-31208-hokusai-the-great-wave-age-18-building-blocks-2023-1810pcs","live"
"lego-31174-lego-creator3-in-1-31174-retro-telephone-age-8-building-blocks-2025-383pcs","live"
"lego-10421-lego-duplo-10421-alphabet-truck-age-2-building-blocks-2023-36pcs","live"
"lego-10315-lego-icons-10315-tranquil-garden-age-18-building-blocks-2023-1363pcs","live"
"lego-76303-lego-super-heroes-dc-76303-batman-tumbler-vs-two-face-and-the-joke-age-8-building-blocks-2025-429pcs","live"
"lego-75379-lego-star-wars-75379-buildable-r2-d2-age-10-building-blocks-2024-1050pcs","live"
"lego-60463-lego-city-60463-fire-ladder-truck-age-4-building-blocks-2025-82pcs","live"
"lego-76419-lego-harry-potter-76419-hogwarts-castle-and-grounds-age-18-building-blocks-2023-2660pcs","live"
"lego-76449-lego-harry-potter-76449-chomping-monster-book-of-monsters-age-9-building-blocks-2025-518pcs","live"
"lego-76316-lego-super-heroes-marvel-76316-galactus-vs-the-fantastic-four-age-9-building-blocks-2025-427pcs","live"
"lego-76320-lego-super-heroes-marvel-76320-iron-man-and-war-machine-vs-hammer-drones-age-7-building-blocks-2025-204pcs","live"
"lego-76338-lego-super-heroes-marvel-76338-mech-battle-spider-man-vs-doc-ock-315-pieces-building-blocks","live"
"lego-43257-lego-disney-classic-43257-angel-age-9-building-blocks-2025-784pcs","live"
"lego-60445-lego-city-60445-f1-truck-with-rb20-and-amr24-f1-cars-age-8-building-blocks-2025-1086pcs","live"
"lego-10471-lego-duplo-10471-blue-police-motorcycle-11-pieces-building-blocks","live"
"lego-76344-lego-super-heroes-marvel-76344-iron-man-mark-3-collectors-edition-1297-pieces-building-blocks","live"
"lego-60502-lego-city-60502-airport-with-airplane-887-pieces-building-blocks","live"
"lego-31382-lego-creator-3-in-1-31382-cute-animals-playful-puppy-dog-336-pieces-building-blocks","live"
"lego-60485-lego-city-60485-hot-rod-81-pieces-building-blocks","live"
"lego-40460-lego-botanicals-40460-roses-120-pieces-building-blocks","live"
"lego-40524-lego-botanicals-40524-sunflower-191-pieces-building-blocks","live"
"lego-21275-lego-minecraft-21275-the-tnt-jungle-house-age-8-building-blocks-2025-287pcs","live"
"lego-60404-lego-city-60404-burger-truck-age-5-building-blocks-2023-194pcs","live"
"lego-76326-lego-super-heroes-marvel-76326-iron-spider-man-bust-age-18-building-blocks-2025-379pcs","live"
"lego-42679-lego-friends-42679-heartlake-city-bunny-hotel-161-pieces-building-blocks","live"
"lego-42678-lego-friends-42678-pet-accessories-van-237-pieces-building-blocks","live"
"lego-60491-lego-city-60491-motorcycle-transporter-88-pieces-building-blocks","live"
"lego-75444-lego-star-wars-75444-at-rt-attack-297-pieces-building-blocks","live"
"lego-75414-lego-star-wars-75414-the-force-burner-snowspeeder-age-7-building-blocks-2025-349pcs","live"
"lego-71849-lego-ninjago-71849-nya-vs-mutation-monster-spinner-49-pieces-building-blocks","live"
"lego-71850-lego-ninjago-71850-lloyd-vs-earth-monster-spinner-52-pieces-building-blocks","live"
"lego-71854-lego-ninjago-71854-cole-s-mission-mech-and-dragon-zane-364-pieces-building-blocks","live"
"lego-43285-lego-disney-princess-43285-ariel-s-magical-mini-palace-179-pieces-building-blocks","live"
"lego-42680-lego-friends-42680-heartlake-city-convenience-store-176-pieces-building-blocks","live"
"lego-60490-lego-city-60490-snowplow-263-pieces-building-blocks","live"
"lego-72046-lego-super-mario-72046-game-boy-age-18-building-blocks-2025-421pcs","live"
"lego-11510-lego-botanicals-11510-magnolia-branches-435-pieces-building-blocks","live"
"lego-76307-lego-super-heroes-marvel-76307-iron-man-mech-vs-ultron-age-6-building-blocks-2025-101pcs","live"
"lego-60465-lego-city-60465-emergency-air-ambulance-airplane-age-6-building-blocks-2025-395pcs","live"
"lego-31164-lego-creator-3-in-1-31164-space-robot-age-8-building-blocks-2025-281pcs","live"
"lego-10468-lego-duplo-10468-tractor-and-market-18-pieces-building-blocks","live"
"lego-42228-lego-technic-42228-mclaren-mcl39-formula-1-car-1675-pieces-building-blocks","live"
"lego-43305-lego-disney-classic-43305-piglet-s-birthday-fun-544-pieces-building-blocks","live"
"lego-42658-lego-friends-42658-unicorn-and-flamingo-pool-party-age-5-building-blocks-2025-99pcs","live"
"lego-42207-lego-technic-42207-ferrari-sf-24-f1-car-age-18-building-blocks-2025-1361pcs","live"
"lego-42226-lego-technic-42226-bmw-m4-gt3-evo-race-car-747-pieces-building-blocks","live"
"lego-31173-lego-creator3-in-1-31173-wild-animals-tropical-toucan-age-7-building-blocks-2025-225pcs","live"
"lego-10465-lego-duplo-10465-mickey-mouse-clubhouse-with-minnie-and-plu-87-pieces-building-blocks","live"
"lego-43290-lego-disney-pixar-43290-kevin-and-dug-628-pieces-building-blocks","live"
"lego-11376-lego-icons-11376-ford-model-t-1060-pieces-building-blocks","live"
"lego-43019-lego-editions-sports-43019-soccer-ball-1498-pieces-building-blocks","live"
"lego-71860-lego-ninjago-71860-lloyd-s-titan-mech-15th-anniversary-1293-pieces-building-blocks","live"
"lego-31169-lego-creator-3-in-1-31169-typewriter-with-flowers-age-8-building-blocks-2025-363pcs","live"
"lego-75412-lego-star-wars-75412-death-trooper-and-night-trooper-battle-pack-age-6-building-blocks-2025-119pcs","live"
"lego-60456-lego-city-60456-police-boat-chase-age-6-building-blocks-2025-264pcs","live"
"lego-60451-lego-city-60451-emergency-ambulance-age-5-building-blocks-2025-184pcs","live"
"lego-76321-lego-super-heroes-marvel-76321-spider-man-vs-doc-ock-subway-train-scene-age-9-building-blocks-2025-393pcs","live"
"lego-10457-lego-duplo-10457-winnie-the-pooh-s-birthday-party-age-1-building-blocks-2025-22pcs","live"
"lego-31163-lego-creator-3-in-1-31163-playful-cat-age-8-building-blocks-2025-407pcs","live"
"lego-42151-lego-technic-42151-bugatti-bolide-age-9-building-blocks-2023-905pcs","live"
"lego-42210-lego-technic-42210-2-fast-2-furious-nissan-skyline-gt-r-r34-car-age-18-building-blocks-2025-1410pcs","live"
"lego-21366-lego-ideas-21366-floating-sea-otter-1234-pieces-building-blocks","live"
"lego-43020-lego-editions-sports-43020-fifa-world-cup-official-trophy-2842-pieces-building-blocks","live"
"lego-43288-lego-disney-classic-43288-sally-s-flowerpot-346-pieces-building-blocks","live"
"lego-21362-lego-ideas-21362-mineral-collection-age-18-building-blocks-2025-880pcs","live"
"lego-72040-lego-super-mario-72040-captain-toad-s-camp-age-6-building-blocks-2025-159pcs","live"
"lego-42642-lego-friends-42642-friendship-movie-night-age-6-building-blocks-2025-154pcs","live"
"lego-76972-lego-jurassic-world-76972-raptor-off-road-escape-age-6-building-blocks-2025-285pcs","live"
"lego-76312-lego-super-heroes-marvel-76312-the-hulk-truck-vs-thanos-age-7-building-blocks-2025-229pcs","live"
"lego-10452-lego-duplo-10452-camping-trip-age-2-building-blocks-2025-32pcs","live"
"lego-42649-lego-friends-42649-heartlake-city-candy-store-age-6-building-blocks-2025-376pcs","live"
"lego-42659-lego-friends-42659-friendship-road-trip-travel-car-age-6-building-blocks-2025-220pcs","live"
"lego-42661-lego-friends-42661-costume-party-with-unicorn-and-fairy-age-6-building-blocks-2025-260pcs","live"
"lego-43274-lego-disney-classic-43274-minnie-s-pet-hotel-age-4-building-blocks-2025-161pcs","live"
"lego-72041-lego-super-mario-72041-party-at-toad-s-house-age-7-building-blocks-2025-276pcs","live"
"lego-72038-lego-super-mario-72038-wario-and-king-boo-age-8-building-blocks-2025-512pcs","live"
"lego-31217-lego-art-31217-the-fauna-collection-tiger-age-18-building-blocks-2025-744pcs","live"
"lego-75438-lego-star-wars-75438-yoda-bust-399-pieces-building-blocks","live"
"lego-75439-lego-star-wars-75439-dart-vader-bust-349-pieces-building-blocks","live"
"lego-71858-lego-ninjago-71858-four-weapons-blacksmith-15th-anniversary-1259-pieces-building-blocks","live"
"lego-76343-lego-super-heroes-marvel76343-epic-battle-hulkbuster-vs-the-hulk-413-pieces-building-blocks","live"
"lego-76327-lego-super-heroes-marvel-76327-iron-man-mk4-bust-age-18-building-blocks-2025-436pcs","live"
"lego-11040-lego-classic-11040-magical-transparent-box-age-5-building-blocks-2025-340pcs","live"
"lego-75431-lego-star-wars-75431-327th-star-corps-clone-troopers-battle-pack-age-7-building-blocks-2025-258pcs","live"
"lego-10330-lego-icons-10330-mclaren-mp4-4-and-ayrton-senna-age-18-building-blocks-2024-693pcs","live"
"lego-10456-lego-duplo-10456-mcqueen-s-visit-to-doc-s-garage-age-2-building-blocks-2025-35pcs","live"
"lego-76448-lego-harry-potter-76448-fawkes-dumbledore-s-phoenix-age-8-building-blocks-2025-299pcs","live"
"lego-10295-lego-d2c-10295-creator-expert-porsche-911-age-18-building-blocks-2021-1458pcs","live"
"lego-21270-lego-minecraft-21270-the-mooshroom-house-age-8-building-blocks-2025-500pcs","live"
"lego-31216-lego-art-31216-keith-haring-dancing-figures-age-18-building-blocks-2025-1773pcs","live"
"lego-75637-lego-one-piece-75637-buggy-the-clown-s-circus-tent-age-8-building-blocks-2025-573pcs","live"
"lego-21272-lego-minecraft-21272-woodland-mansion-fighting-ring-age-10-building-blocks-2025-491pcs","live"
"lego-10443-lego-duplo-10443-first-time-at-the-airport-age-2-building-blocks-2025-23pcs","live"
"lego-11041-lego-classic-11041-creative-dinosaurs-age-5-building-blocks-2025-450pcs","live"
"lego-71843-lego-ninjago-71843-rogue-s-mech-dragon-rider-age-8-building-blocks-2025-584pcs","live"
"lego-76323-lego-super-heroes-marvel-76323-avengers-endgame-final-battle-age-10-building-blocks-2025-621pcs","live"
"lego-42161-lego-technic-42161-lamborghini-hurac-n-tecnica-age-9-building-blocks-2023-806pcs","live"
"lego-31151-lego-creator-3-in-1-31151-t-rex-age-9-building-blocks-2024-626pcs","live"
"lego-42179-lego-technic-42179-planet-earth-and-moon-in-orbit-age-10-building-blocks-2024-526pcs","live"
"lego-10426-lego-duplo-10426-train-bridge-and-tracks-expansion-set-age-2-building-blocks-2025-42pcs","live"
"lego-31161-lego-creator-3-in-1-31161-medieval-dragon-age-9-building-blocks-2025-715pcs","live"
"lego-10427-lego-duplo-10427-interactive-adventure-train-age-2-building-blocks-2025-57pcs","live"
"lego-42652-lego-friends-42652-friendship-tree-house-hangout-age-8-building-blocks-2025-701pcs","live"
"lego-76444-lego-harry-potter-76444-diagon-alley-wizarding-shops-age-18-building-blocks-2025-2750pcs","live"
"lego-76269-lego-d2c-super-heroes-marvel-76269-avengers-tower-age-18-building-blocks-2023-5201pcs","live"
"lego-75433-lego-star-wars-75433-jango-fett-s-starship-age-9-building-blocks-2025-707pcs","live"
"lego-10473-lego-duplo-10473-fire-truck-with-hose-and-firefighter-28-pieces-building-blocks","live"
"lego-21589-lego-minecraft-21589-mini-biomes-797-pieces-building-blocks","live"
"lego-60478-lego-city-60478-cement-mixer-371-pieces-building-blocks","live"
"lego-10467-lego-duplo-10467-family-house-84-pieces-building-blocks","live"
"lego-11201-lego-bluey-11201-playground-fun-with-bluey-and-chloe-age-4-building-blocks-2025-104pcs","live"
"lego-11202-lego-bluey-11202-bluey-s-beach-and-family-car-trip-age-4-building-blocks-2025-133pcs","live"
"lego-60508-lego-city-60508-police-train-heist-1313-pieces-building-blocks","live"
"lego-43272-lego-disney-princess-43272-heihei-age-9-building-blocks-2025-566pcs","live"
"lego-42223-lego-technic-42223-1966-ford-gt40-mkii-race-car-793-pieces-building-blocks","live"
"lego-75452-lego-star-wars-75452-bb-8-astromech-droid-569-pieces-building-blocks","live"
"lego-42220-lego-technic-42220-monster-jam-sparkle-smash-pull-back-243-pieces-building-blocks","live"
"lego-43286-lego-disney-classic-43286-the-aristocats-adorable-marie-369-pieces-building-blocks","live"
"lego-10476-lego-duplo-10476-3-in-1-construction-site-and-vehicles-84-pieces-building-blocks","live"
"lego-42224-lego-technic-42224-porsche-911-gt3-r-rexy-ao-racing-car-1313-pieces-building-blocks","live"
"lego-76342-lego-super-heroes-marvel-76342-spider-man-vs-mysterio-the-daily-bugle-781-pieces-building-blocks","live"
"lego-76463-lego-harry-potter-76463-hogwarts-castle-hospital-wing-907-pieces-building-blocks","live"
"lego-76975-lego-jurassic-world-76975-t-rex-river-escape-age-5-building-blocks-2025-199pcs","live"
"lego-21278-lego-minecraft-21278-the-pillager-outpost-and-ravager-age-9-building-blocks-2025-665pcs","live"
"lego-76322-lego-super-heroes-marvel-76322-avengers-endgame-thor-vs-chitauri-age-8-building-blocks-2025-373pcs","live"
"lego-76461-lego-harry-potter-76461-cornish-pixie-320-pieces-building-blocks","live"
"lego-21588-lego-minecraft-21588-the-fox-497-pieces-building-blocks","live"
"lego-10455-lego-duplo-10455-anna-and-elsa-s-frozen-castle-party-age-2-building-blocks-2025-54pcs","live"
"lego-76319-lego-super-heroes-marvel-76319-captain-america-vs-thanos-age-4-building-blocks-2025-107pcs","live"
"lego-75407-lego-star-wars-75407-brick-built-star-wars-logo-age-18-building-blocks-2025-700pcs","live"
"lego-31166-lego-creator3-in-1-31166-beautiful-horse-age-9-building-blocks-2025-685pcs","live"
"lego-76317-lego-super-heroes-marvel-76317-peter-parker-s-apartment-age-8-building-blocks-2025-394pcs","live"
"lego-75638-lego-one-piece-75638-battle-at-arlong-park-age-9-building-blocks-2025-926pcs","live"
"lego-76304-lego-super-heroes-dc-76304-batman-forever-batmobile-age-12-building-blocks-2025-909pcs","live"
"lego-31168-lego-creator3-in-1-31168-medieval-horse-knight-castle-age-9-building-blocks-2025-1371pcs","live"
"lego-42171-lego-technic-42171-mercedes-amg-f1-w14-e-performance-age-18-building-blocks-2024-1642pcs","live"
"lego-75415-lego-star-wars-75415-kylo-ren-helmet-age-18-building-blocks-2025-529pcs","live"
"lego-75399-lego-star-wars-75399-rebel-u-wing-starfighter-age-8-building-blocks-2025-594pcs","live"
"lego-21273-lego-minecraft-21273-the-ghast-balloon-village-attack-age-10-building-blocks-2025-555pcs","live"
"lego-76445-lego-harry-potter-76445-hogwarts-castle-herbology-class-age-8-building-blocks-2025-390pcs","live"
"lego-42208-lego-technic-42208-aston-martin-valkyrie-age-9-building-blocks-2025-707pcs","live"
"lego-10441-lego-duplo-10441-shape-sorter-puppy-house-age-1-building-blocks-2025-17pcs","live"
"lego-71842-lego-ninjago-71842-rontu-the-master-dragon-age-7-building-blocks-2025-381pcs","live"
"lego-76451-lego-harry-potter-76451-privet-drive-aunt-marge-s-visit-age-8-building-blocks-2025-639pcs","live"
"lego-71845-lego-ninjago-71845-lloyd-s-jet-mech-age-9-building-blocks-2025-1112pcs","live"
"lego-75408-lego-star-wars-75408-jango-fett-helmet-age-18-building-blocks-2025-616pcs","live"
"lego-76315-lego-super-heroes-marvel-76315-iron-man-s-laboratory-hall-of-armor-age-8-building-blocks-2025-384pcs","live"
"lego-42154-lego-technic-42154-2022-ford-gt-age-18-building-blocks-2023-1466pcs","live"
"lego-42201-lego-technic-42201-deep-sea-research-submarine-age-9-building-blocks-2025-413pcs","live"
"lego-10318-lego-d2c-icons-10318-concorde-age-18-building-blocks-2023-2083pcs","live"
"lego-42177-lego-technic-42177-mercedes-g500-4-4-age-18-building-blocks-2024-2891pcs","live"
"lego-10445-lego-duplo-10445-f1-team-race-cars-and-drivers-age-2-building-blocks-2025-70pcs","live"
"lego-21061-lego-lego-architecture-21061-notre-dame-de-paris-age-18-building-blocks-2024-4383pcs","live"
"lego-42170-lego-technic-42170-kawasaki-ninja-h2r-motorcycle-age-10-building-blocks-2024-643pcs","live"
"lego-10453-lego-duplo-10453-funfair-age-2-building-blocks-2025-53pcs","live"
"lego-21062-lego-architecture-21062-trevi-fountain-age-18-building-blocks-2025-1880pcs","live"
"lego-21060-lego-architecture-21060-himeji-castle-age-18-building-blocks-2023-2125pcs","live"
"lego-75402-lego-star-wars-75402-arc-170-starfighter-age-9-building-blocks-2025-497pcs","live"
"lego-75398-lego-star-wars-75398-buildable-c-3po-age-18-building-blocks-2024-1138pcs","live"
"lego-76313-lego-super-heroes-marvel-76313-marvel-logo-and-minifigures-age-12-building-blocks-2025-931pcs","live"
"lego-21058-lego-architecture-21058-the-great-pyramids-of-giza-age-18-building-blocks-2022-1476pcs","live"
"lego-75389-lego-star-wars-75389-the-dark-falcon-age-10-building-blocks-2024-1579pcs","live"
"lego-42202-lego-technic-42202-ducati-panigale-v4-s-motorcycle-age-18-building-blocks-2025-1603pcs","live"
"lego-71830-lego-ninjago-71830-kai-s-mech-storm-rider-age-7-building-blocks-2025-333pcs","live"
"lego-10425-lego-duplo-10425-train-tunnel-and-tracks-expansion-set-age-2-building-blocks-2025-20pcs","live"
"lego-10428-lego-duplo-10428-big-interactive-community-train-age-3-building-blocks-2025-103pcs","live"
"lego-10446-lego-duplo-10446-3in1-wild-animal-families-age-2-building-blocks-2025-92pcs","live"
"lego-42176-lego-technic-42176-porsche-gt4-e-performance-race-car-age-10-building-blocks-2024-834pcs","live"
"lego-60467-lego-city-60467-heavy-duty-recovery-tow-truck-with-crane-age-8-building-blocks-2025-793pcs","live"
"lego-42209-lego-technic-42209-volvo-l120-electric-wheel-loader-age-9-building-blocks-2025-973pcs","live"
"lego-76976-lego-jurassic-world-76976-spinosaurus-and-quetzalcoatlus-air-mission-age-8-building-blocks-2025-984pcs","live"
"lego-10451-lego-duplo-10451-3in1-dinosaurs-on-wheels-age-3-building-blocks-2025-108pcs","live"
"lego-43269-lego-disney-classic-43269-101-dalmatians-puppy-age-18-building-blocks-2025-1722pcs","live"
"lego-71836-lego-ninjago-71836-arc-dragon-of-focus-age-9-building-blocks-2025-869pcs","live"
"lego-71831-lego-ninjago-71831-ninja-spinjitzu-temple-age-4-building-blocks-2025-158pcs","live"
"lego-42143-lego-d2c-technic-42143-ferrari-daytona-sp3-age-18-building-blocks-2022-3778pcs","live"
"lego-42217-lego-technic-42217-chevrolet-corvette-stingray-blue-age-9-building-blocks-2025-732pcs","live"
"lego-60466-lego-city-60466-yellow-bulldozer-age-8-building-blocks-2025-682pcs","live"
"lego-76454-lego-harry-potter-76454-hogwarts-castle-the-main-tower-age-10-building-blocks-2025-2135pcs","live"
"lego-60423-lego-city-60423-downtown-streetcar-and-station-age-7-building-blocks-2024-811pcs","live"
"lego-31175-lego-creator3-in-1-31175-unicorn-castle-age-8-building-blocks-2025-390pcs","live"
"lego-75432-lego-star-wars-75432-v-19-torrent-starfighter-age-9-building-blocks-2025-567pcs","live"
"lego-31167-lego-creator3-in-1-31167-haunted-mansion-age-9-building-blocks-2025-736pcs","live"
"lego-75434-lego-star-wars-75434-k-2so-age-10-building-blocks-2025-845pcs","live"
"lego-42214-lego-technic-42214-lamborghini-revuelto-super-sports-car-age-10-building-blocks-2025-1135pcs","live"
"lego-75417-lego-star-wars-75417-at-st-walker-age-18-building-blocks-2025-1513pcs","live"
"lego-75640-lego-one-piece-75640-the-baratie-floating-restaurant-age-18-building-blocks-2025-3402pcs","live"
"lego-76329-lego-super-heroes-marvel-76329-miles-morales-mask-age-18-building-blocks-2025-487pcs","live"
"lego-10448-lego-duplo-10448-3in1-animals-on-wheels-age-2-building-blocks-2025-58pcs","live"
"lego-76324-lego-super-heroes-marvel-76324-spider-man-vs-oscorp-age-10-building-blocks-2025-808pcs","live"
"lego-75403-lego-star-wars-75403-grogu-with-hover-pram-age-10-building-blocks-2025-1048pcs","live"
"lego-71844-lego-ninjago-71844-ninja-combat-vehicle-age-8-building-blocks-2025-561pcs","live"
"lego-71846-lego-ninjago-71846-the-fire-knight-mech-age-14-building-blocks-2025-996pcs","live"
"lego-71847-lego-ninjago-71847-the-guardian-dragon-age-14-building-blocks-2025-1650pcs","live"
"lego-10470-lego-duplo-10470-3-in-1-modern-family-house-with-figures-166-pieces-building-blocks","live"
"lego-31385-lego-creator-3-in-1-31385-sea-animals-beautiful-dolphins-542-pieces-building-blocks","live"
"lego-42684-lego-friends-42684-unicorn-dream-caf-475-pieces-building-blocks","live"
"lego-43281-lego-disney-princess-43281-elsa-s-ice-castle-and-snow-ride-adventure-216-pieces-building-blocks","live"
"lego-43287-lego-disney-princess-43287-olaf-and-bruni-s-picnic-fun-478-pieces-building-blocks","live"
"lego-60504-lego-city-60504-coast-guard-rescue-boat-and-helicopter-742-pieces-building-blocks","live"
"lego-71859-lego-ninjago-71859-the-dragon-of-life-1050-pieces-building-blocks","live"
"lego-75443-lego-star-wars-75443-grogu-s-homestead-107-pieces-building-blocks","live"
"lego-76341-lego-super-heroes-marvel-76341-ravager-jumpsuit-groot-604-pieces-building-blocks","live"
"lego-76464-lego-harry-potter-76464-cauldron-secret-potions-classroom-652-pieces-building-blocks","live"
"lego-10375-lego-d2c-icons-10375-how-to-train-your-dragon-toothless-age-18-building-blocks-2025-784pcs","live"
"lego-10458-lego-duplo-bluey-10458-ice-cream-trip-with-bluey-age-2-building-blocks-2025-22pcs","live"
"lego-21063-lego-architecture-21063-neuschwanstein-castle-age-18-building-blocks-2025-3455pcs","live"
"lego-10367-lego-icons-10367-mines-of-morea-book-nook-age-18-building-blocks-2025-1201pcs","live"
"lego-75413-lego-star-wars-75413-republic-juggernaut-age-9-building-blocks-2025-813pcs","live"
"lego-75394-lego-star-wars-75394-imperial-star-destroyer-age-10-building-blocks-2024-1555pcs","live"
"lego-11372-lego-icons-11372-autumn-cottage-garden-1102-pieces-building-blocks","live"
"lego-21590-lego-minecraft-21590-wither-battle-494-pieces-building-blocks","live"
"lego-42222-lego-technic-42222-bugatti-chiron-pur-sport-hypercar-771-pieces-building-blocks","live"
"lego-60503-lego-city-60503-coast-guard-helicopter-551-pieces-building-blocks","live"
"lego-60505-lego-city-60505-airplane-service-truck-and-hovercraft-remix-990-pieces-building-blocks","live"
"lego-76466-lego-harry-potter-76466-sorcerer-s-stone-collectors-edition-1571-pieces-building-blocks","live"
"lego-11384-lego-icons-11384-golden-retriever-puppy-2102-pieces-building-blocks","live"
"lego-42687-lego-friends-42687-liann-s-family-house-946-pieces-building-blocks","live"
"lego-10357-lego-d2c-icons-10357-shelby-cobra-age-18-building-blocks-2025-1241pcs","live"
"lego-60471-lego-city-60471-arctic-explorer-science-lab-truck-age-8-building-blocks-2025-1057pcs","live"
"lego-21279-lego-minecraft-21279-the-enderman-tower-age-9-building-blocks-2025-867pcs","live"
"lego-43267-lego-disney-princess-43267-princess-castle-and-royal-pets-age-6-building-blocks-2025-787pcs","live"
"lego-76325-lego-super-heroes-marvel-76325-avengers-age-of-ultron-quinjet-age-12-building-blocks-2025-1131pcs","live"
"lego-75460-lego-star-wars-75460-new-republic-x-wing-starfighter-558-pieces-building-blocks","live"
"lego-60440-lego-city-60440-yellow-delivery-truck-age-8-building-blocks-2024-1061pcs","live"
"lego-75406-lego-star-wars-75406-kylo-ren-s-command-shuttle-age-18-building-blocks-2025-386pcs","live"
"lego-60499-lego-city-60499-airport-fire-truck-691-pieces-building-blocks","live"
"lego-10459-lego-duplo-bluey-10459-bluey-s-family-house-with-memory-game-age-3-building-blocks-2025-83pcs","live"
"lego-11203-lego-bluey-11203-bluey-s-family-house-age-4-building-blocks-2025-382pcs","live"
"lego-72039-lego-super-mario-72039-bowser-s-castle-age-9-building-blocks-2025-1068pcs","live"
"lego-42160-lego-technic-42160-audi-rs-q-e-tron-age-10-building-blocks-2023-914pcs","live"
"lego-76973-lego-jurassic-world-76973-raptor-and-titanosaurus-tracking-mission-age-7-building-blocks-2025-582pcs","live"
"lego-42215-lego-technic-42215-volvo-ec500-hybrid-excavator-age-18-building-blocks-2025-2359pcs","live"
"lego-42671-lego-friends-42671-plant-caf-and-flower-shop-age-9-building-blocks-2025-1137pcs","live"
"lego-43258-lego-disney-princess-43258-kakamora-barge-age-7-building-blocks-2025-572pcs","live"
"lego-42654-lego-friends-42654-pony-ranch-and-stable-age-7-building-blocks-2025-727pcs","live"
"lego-60469-lego-city-60469-central-train-station-age-7-building-blocks-2025-752pcs","live"
"lego-71837-lego-d2c-ninjago-71837-ninjago-city-workshops-age-14-building-blocks-2025-3244pcs","live"
"lego-77259-lego-speed-champions-77259-audi-revolut-f1-team-r26-race-car-215-pieces-building-blocks","live"
"lego-21584-lego-minecraft-21584-nether-and-end-portal-journey-192-pieces-building-blocks","live"
"lego-60493-lego-city-60493-f1-display-truck-with-audi-f1-race-car-508-pieces-building-blocks","live"
"lego-21345-lego-ideas-21345-polaroid-onestep-sx-70-camera-age-18-building-blocks-2023-516pcs","live"
"lego-42692-lego-friends-42692-ice-cream-and-balloon-stand-107-pieces-building-blocks","live"
"lego-60483-lego-city-60483-rides-construction-loader-61-pieces-building-blocks","live"
"lego-43284-lego-disney-princess-43284-mini-anna-and-elsa-65-pieces-building-blocks","live"
"lego-60481-lego-city-60481-rides-police-truck-71-pieces-building-blocks","live"
"lego-40725-lego-botanicals-40725-cherry-blossoms-430-pieces-building-blocks","live"
"lego-71856-lego-ninjago-71856-jay-s-transforming-car-387-pieces-building-blocks","live"
"lego-76467-lego-harry-potter-76467-luna-lovegood-s-house-764-pieces-building-blocks","live"
"lego-42685-lego-friends-42685-heartlake-city-fashion-show-410-pieces-building-blocks","live"
"lego-42695-lego-friends-42695-horse-and-baby-foal-trailer-279-pieces-building-blocks","live"
"lego-60489-lego-city-60489-jet-vs-car-259-pieces-building-blocks","live"
"lego-42689-lego-friends-42689-heartlake-city-friends-club-house-794-pieces-building-blocks","live"
"lego-71857-lego-ninjago-71857-ninja-vehicle-tree-house-battle-642-pieces-building-blocks","live"
"lego-42699-lego-friends-42699-beach-house-with-seals-400-pieces-building-blocks","live"
"lego-42686-lego-friends-42686-fun-indoor-playground-668-pieces-building-blocks","live"
"lego-10463-lego-duplo-disney-tm-10463-dinosaur-spidey-rex-vs-green-goblin-25-pieces-building-blocks","live"
"lego-21277-lego-minecraft-21277-the-pickaxe-mine-age-8-building-blocks-2025-530pcs","live"
"lego-10450-lego-duplo-10450-hopsy-s-castle-game-age-3-building-blocks-2025-47pcs","live"
"lego-43217-lego-disney-classic-43217-up-house-age-9-building-blocks-2023-598pcs","live"
"lego-75445-lego-star-wars-75445-anzellan-starship-700-pieces-building-blocks","live"
"lego-31171-lego-creator3-in-1-31171-wild-animals-majestic-rhino-with-birds-age-9-building-blocks-2025-780pcs","live"
"lego-75416-lego-star-wars-75416-chopper-c1-10p-astromech-droid-age-10-building-blocks-2025-1039pcs","live"
"lego-76328-lego-super-heroes-dc-76328-batman-the-classic-tv-series-batmobile-age-18-building-blocks-2024-1822pcs","live"
"lego-71848-lego-ninjago-71848-the-temple-bounty-age-14-building-blocks-2025-2387pcs","live"
"lego-60470-lego-city-60470-explorers-arctic-polar-express-train-age-7-building-blocks-2025-1517pcs","live"
"lego-75435-lego-star-wars-75435-battle-of-felucia-separatist-mtt-age-9-building-blocks-2025-976pcs","live"
"lego-75367-lego-d2c-star-wars-75367-venator-class-republic-attack-cruiser-age-18-building-blocks-2036-5374pcs","live"
"lego-75397-lego-d2c-star-wars-tm-75397-ucs-jabba-s-sail-barge-age-18-building-blocks-2024-3942pcs","live"
"lego-75192-lego-d2c-75192-star-wars-ucs-millennium-falcon-age-16-building-blocks-2017-7541pcs","live"
"lego-10360-lego-d2c-icons-10360-shuttle-carrier-aircraft-age-18-building-blocks-2025-2417pcs","live"
"lego-10354-lego-d2c-icons-10354-lord-of-the-rings-bag-end-age-18-building-blocks-2025-2017pcs","live"
"lego-75409-lego-d2c-star-wars-75409-ucs-jango-fett-s-starship-age-18-building-blocks-2025-2970pcs","live"
"lego-42673-lego-friends-42673-family-vacation-beach-resort-age-8-building-blocks-2025-1140pcs","live"
"lego-10356-lego-d2c-icons-10356-star-trek-enterprise-d-age-18-building-blocks-2025-3600pcs","live"
"lego-75419-lego-d2c-star-wars-75419-ucs-death-star-age-18-building-blocks-2025-9021pcs","live"
"lego-75446-lego-star-wars-75446-grogu-mandalorian-apprentice-1200-pieces-building-blocks","live"
"lego-75447-lego-star-wars-75447-the-razor-crest-930-pieces-building-blocks","live"
"lego-75430-lego-star-wars-75430-wicket-the-ewok-age-12-building-blocks-2025-1010pcs","live"
"lego-76470-lego-harry-potter-76470-enchanted-flying-ford-anglia-868-pieces-building-blocks","live"
"lego-10462-lego-duplo-10462-frozen-creative-box-with-elsa-and-olaf-37-pieces-building-blocks","live"
"lego-10464-lego-duplo-10464-team-spidey-webquarters-65-pieces-building-blocks","live"
"lego-10469-lego-duplo-10469-pizza-girls-with-muffin-and-bluey-44-pieces-building-blocks","live"
"lego-10472-lego-duplo-10472-animal-building-game-94-pieces-building-blocks","live"
"lego-10478-lego-duplo-10478-3-in-1-creative-ramps-with-vehicles-111-pieces-building-blocks","live"
"lego-10479-lego-duplo-10479-colorful-creative-box-80-pieces-building-blocks","live"
"lego-10480-lego-duplo-10480-discovery-forest-with-wild-animals-131-pieces-building-blocks","live"
"lego-11045-lego-classic-11045-creative-colorful-bricks-820-pieces-building-blocks","live"
"lego-11209-lego-disney-junior-11209-ultron-vs-iron-man-96-pieces-building-blocks","live"
"lego-11211-lego-disney-junior-11211-loki-vs-team-iron-man-200-pieces-building-blocks","live"
"lego-11216-lego-bluey-11216-grannies-with-bingo-and-bluey-80-pieces-building-blocks","live"
"lego-11217-lego-bluey-11217-brick-built-bluey-family-466-pieces-building-blocks","live"
"lego-11221-lego-bluey-11221-school-with-rusty-and-bluey-106-pieces-building-blocks","live"
"lego-11380-lego-icons-11380-road-bike-1015-pieces-building-blocks","live"
"lego-11505-lego-botanicals-11505-woodland-mushrooms-837-pieces-building-blocks","live"
"lego-11511-lego-botanicals-11511-water-lilies-259-pieces-building-blocks","live"
"lego-11514-lego-botanicals-11514-cosmos-flowers-171-pieces-building-blocks","live"
"lego-21066-lego-architecture-21066-new-york-city-the-big-apple-1465-pieces-building-blocks","live"
"lego-21368-lego-ideas-21368-peanuts-snoopy-s-dog-house-964-pieces-building-blocks","live"
"lego-21592-lego-minecraft-21592-chicken-jockey-desert-attack-428-pieces-building-blocks","live"
"lego-21593-lego-minecraft-21593-first-night-adventure-301-pieces-building-blocks","live"
"lego-21594-lego-minecraft-21594-the-skeleton-502-pieces-building-blocks","live"
"lego-21595-lego-minecraft-21595-the-ender-dragon-710-pieces-building-blocks","live"
"lego-21596-lego-minecraft-21596-evoker-village-attack-607-pieces-building-blocks","live"
"lego-21597-lego-minecraft-21597-ghast-station-754-pieces-building-blocks","live"
"lego-21598-lego-minecraft-21598-underwater-adventure-310-pieces-building-blocks","live"
"lego-31383-lego-creator-3-in-1-31383-floral-decor-perfume-bottle-286-pieces-building-blocks","live"
"lego-31386-lego-creator-3-in-1-31386-wild-animals-majestic-lion-839-pieces-building-blocks","live"
"lego-31387-lego-creator-3-in-1-31387-iconic-pirate-ship-1074-pieces-building-blocks","live"
"lego-31389-lego-creator-3-in-1-31389-iconic-ferris-wheel-916-pieces-building-blocks","live"
"lego-31390-lego-creator-3-in-1-31390-floral-art-decor-painting-348-pieces-building-blocks","live"
"lego-31391-lego-creator-3-in-1-31391-art-fashion-bag-with-storage-272-pieces-building-blocks","live"
"lego-31392-lego-creator-3-in-1-31392-music-decor-piano-with-cat-485-pieces-building-blocks","live"
"lego-31393-lego-creator-3-in-1-31393-forest-animals-gray-wolf-657-pieces-building-blocks","live"
"lego-42229-lego-technic-42229-fast-and-furious-mitsubishi-eclipse-car-827-pieces-building-blocks","live"
"lego-42231-lego-technic-42231-fast-and-furious-dodge-charger-r-t-car-1516-pieces-building-blocks","live"
"lego-42241-lego-technic-42241-green-bugatti-chiron-pur-sport-hypercar-771-pieces-building-blocks","live"
"lego-42676-lego-friends-42676-fun-water-park-day-278-pieces-building-blocks","live"
"lego-42682-lego-friends-42682-nature-glamping-cabin-295-pieces-building-blocks","live"
"lego-42690-lego-friends-42690-forest-tea-party-116-pieces-building-blocks","live"
"lego-42693-lego-friends-42693-creative-flower-shop-377-pieces-building-blocks","live"
"lego-42694-lego-friends-42694-pizza-truck-190-pieces-building-blocks","live"
"lego-42700-lego-friends-42700-candy-and-cupcake-ferris-wheel-602-pieces-building-blocks","live"
"lego-42702-lego-friends-42702-spinning-flower-and-fairy-teacup-ride-321-pieces-building-blocks","live"
"lego-42703-lego-friends-42703-mermaid-roller-coaster-ride-864-pieces-building-blocks","live"
"lego-42704-lego-friends-42704-heartlake-city-grand-hotel-1406-pieces-building-blocks","live"
"lego-42705-lego-friends-42705-cozy-fall-forest-cabin-1229-pieces-building-blocks","live"
"lego-43017-lego-editions-vehicles-43017-mclaren-mastercard-f1-team-oscar-piastri-helmet-792-pieces-building-blocks","live"
"lego-43018-lego-editions-sports-43018-lionel-messi-celebration-1427-pieces-building-blocks","live"
"lego-43023-lego-editions-vehicles-43023-mclaren-mastercard-f1-team-lando-norris-helmet-793-pieces-building-blocks","live"
"lego-43280-lego-disney-classic-43280-beach-fun-with-lilo-and-stitch-113-pieces-building-blocks","live"
"lego-43282-lego-disney-princess-43282-village-house-and-boat-85-pieces-building-blocks","live"
"lego-43283-lego-disney-princess-43283-cinderella-animal-friends-castle-149-pieces-building-blocks","live"
"lego-43289-lego-disney-princess-43289-belle-and-the-beast-s-enchanted-castle-255-pieces-building-blocks","live"
"lego-43292-lego-disney-princess-43292-pua-885-pieces-building-blocks","live"
"lego-43293-lego-disney-princess-43293-kakamora-407-pieces-building-blocks","live"
"lego-43294-lego-disney-princess-43294-rapunzel-s-mini-tower-171-pieces-building-blocks","live"
"lego-43295-lego-disney-princess-43295-jasmine-s-jewelry-box-458-pieces-building-blocks","live"
"lego-43296-lego-disney-classic-43296-stitch-and-scrump-713-pieces-building-blocks","live"
"lego-43297-lego-disney-princess-43297-rapunzel-s-castle-676-pieces-building-blocks","live"
"lego-43299-lego-disney-princess-43299-ariel-s-royal-wedding-boat-519-pieces-building-blocks","live"
"lego-60480-lego-city-60480-yellow-backhoe-loader-301-pieces-building-blocks","live"
"lego-60492-lego-city-60492-passenger-jet-118-pieces-building-blocks","live"
"lego-60494-lego-city-60494-dump-truck-and-front-end-loader-1132-pieces-building-blocks","live"
"lego-60496-lego-city-60496-pizza-delivery-experience-with-vehicles-494-pieces-building-blocks","live"
"lego-60497-lego-city-60497-drive-through-car-wash-583-pieces-building-blocks","live"
"lego-60501-lego-city-60501-lava-land-roller-coaster-park-1165-pieces-building-blocks","live"
"lego-60506-lego-city-60506-classic-beach-streetcar-693-pieces-building-blocks","live"
"lego-60511-lego-city-60511-vintage-steam-train-575-pieces-building-blocks","live"
"lego-60512-lego-city-60512-mountain-bike-adventure-van-260-pieces-building-blocks","live"
"lego-71862-lego-ninjago-71862-lloyd-s-dragon-mech-battle-pack-81-pieces-building-blocks","live"
"lego-71863-lego-ninjago-71863-zilvar-and-grimtak-the-dragon-beast-232-pieces-building-blocks","live"
"lego-71864-lego-ninjago-71864-kai-and-cole-s-combiner-vehicles-394-pieces-building-blocks","live"
"lego-71865-lego-ninjago-71865-zane-s-ice-dragon-battle-141-pieces-building-blocks","live"
"lego-71867-lego-ninjago-71867-x-1-ninja-charger-15th-anniversary-691-pieces-building-blocks","live"
"lego-71868-lego-ninjago-71868-wyldfyre-s-transforming-dragon-mech-821-pieces-building-blocks","live"
"lego-71869-lego-ninjago-71869-land-bounty-1214-pieces-building-blocks","live"
"lego-71870-lego-ninjago-71870-the-twin-titan-mechs-1707-pieces-building-blocks","live"
"lego-71871-lego-ninjago-71871-battle-at-the-dragon-s-blade-1016-pieces-building-blocks","live"
"lego-71872-lego-ninjago-71872-ultra-dragon-battle-2178-pieces-building-blocks","live"
"lego-72423-lego-shrek-72423-shrek-donkey-and-puss-in-boots-1403-pieces-building-blocks","live"
"lego-76346-lego-super-heroes-marvel-76346-spider-man-hero-figure-813-pieces-building-blocks","live"
"lego-76349-lego-super-heroes-marvel-76349-spider-man-prison-transport-chase-367-pieces-building-blocks","live"
"lego-76350-lego-super-heroes-marvel-76350-spider-man-vs-hulk-epic-clash-533-pieces-building-blocks","live"
"lego-76354-lego-super-heroes-marvel-76354-s-h-i-e-l-d-helicarrier-3057-pieces-building-blocks","live"
"lego-76462-lego-harry-potter-76462-hogwarts-house-crest-545-pieces-building-blocks","live"
"lego-76469-lego-harry-potter-76469-dobby-the-free-elf-379-pieces-building-blocks","live"
"lego-76471-lego-harry-potter-76471-knockturn-alley-wizarding-shops-788-pieces-building-blocks","live"
"lego-76473-lego-harry-potter-76473-hogwarts-castle-east-wing-2164-pieces-building-blocks","live"
"lego-76474-lego-harry-potter-76474-hogwarts-herbology-plants-817-pieces-building-blocks","live"
"lego-76475-lego-harry-potter-76475-forbidden-forest-expecto-patronum-244-pieces-building-blocks","live"
"lego-77260-lego-speed-champions-77260-the-fast-and-the-furious-toyota-supra-mk-292-pieces-building-blocks","live"
"lego-77261-lego-speed-champions-77261-ferrari-499p-329-pieces-building-blocks","live"
"lego-77262-lego-speed-champions-77262-ken-block-s-65-ford-mustang-hoonicorn-v-345-pieces-building-blocks","live"
"lego-77985-lego-jurassic-world-77985-dinosaur-fossils-triceratops-1154-pieces-building-blocks","live"
"lego-43263-lego-d2c-disney-princess-43263-beauty-and-the-beast-castle-age-18-building-blocks-2025-2916pcs","live"
"lego-76300-lego-d2c-super-heroes-76300-arkham-asylum-age-18-building-blocks-2025-2953pcs","live"
"lego-11371-lego-icons-11371-shopping-street-3456-pieces-building-blocks","live"
"lego-11503-lego-botanicals-11503-flower-wall-879-pieces-building-blocks","live"
"lego-10345-lego-d2c-botanicals-10345-flower-arrangement-age-18-building-blocks-2025-1161pcs","live"
"lego-21356-lego-d2c-ideas-21356-river-steamboat-age-18-building-blocks-2025-4090pcs","live"
"lego-77072-lego-d2c-fortnite-77072-peely-bone-age-18-building-blocks-2024-1414pcs","live"
"lego-77073-lego-d2c-fortnite-77073-battle-bus-age-10-building-blocks-2024-954pcs","live"
"lego-77071-lego-d2c-fortnite-77071-supply-llama-age-12-building-blocks-2024-691pcs","live"
"lego-42172-lego-d2c-technic-42172-mclaren-supercar-age-18-building-blocks-2024-3893pcs","live"
"lego-10355-lego-d2c-icons-10355-blacktron-renegade-age-18-building-blocks-2025-1151pcs","live"
"lego-10307-lego-d2c-icons-10307-eiffel-tower-age-18-building-blocks-2023-10001pcs","live"
"lego-42674-lego-d2c-friends-42674-comic-book-and-game-shop-age-9-building-blocks-2025-1003pcs","live"
"lego-40643-lego-lel-iconic-40643-jade-rabbit-age-8-building-blocks-2023-288pcs","live"
"lego-20204b-0021-brick-1x2-backpack-light-bright-red","live"
"lego-20205b-0021-brick-2x2-backpack-light-bright-red","live"
"lego-20205b-0024-brick-2x2-backpack-light-bright-yellow","live"
"lego-20207b-0021-brick-1x2-sling-bag-light-bright-red","live"
"lego-20207b-0024-brick-1x2-sling-bag-light-bright-yellow","live"
"lego-20207b-0140-brick-1x2-sling-bag-light-earth-blue","live"
"lego-40806-lego-seasons-and-occasions-40806-gingerbread-at-at-walker-age-10-building-blocks-2025-697pcs","live"
"lego-11206-lego-spidey-11206-spidey-on-his-motorcycle-vs-rhino-61-pieces-building-blocks","live"
"lego-42240-lego-technic-42240-aston-martin-aramco-amr25-f1-car-1547-pieces-building-blocks","live"
"lego-77081-lego-fortnite-77081-kit-1231-pieces-building-blocks","live"
"lego-75459-lego-star-wars-75459-imperial-lambda-class-shuttle-961-pieces-building-blocks","live"
"lego-76356-lego-super-heroes-76356-venom-bust-413-pieces-building-blocks","live"
"lego-40813-lego-lel-seasons-and-occasions-40813-lucky-cat-age-9-building-blocks-2025-280pcs","live"
"lego-21361-lego-ideas-21361-gremlins-gizmo-posable-figure-1125-pieces-building-blocks","live"
"lego-80119-lego-chinese-festivals-80119-galloping-horses-canvas-1650-pieces-building-blocks","live"
"lego-80118-lego-chinese-festivals-80118-fortune-firecracker-1039-pieces-building-blocks","live"
"lego-40820-lego-seasons-and-occasions-40820-up-scaled-santa-minifigure-age-10-building-blocks-2025-761pcs","live"
"lego-40638-lego-lel-iconic-40638-heart-ornament-age-9-building-blocks-2023-254pcs","live"
"lego-10788-lego-gabby-s-dollhouse-10788-gabby-s-dollhouse-age-4-building-blocks-2023-498pcs","live"
"lego-11207-lego-spidey-11207-spidey-underwater-vehicles-154-pieces-building-blocks","live"
"lego-11208-lego-spidey-11208-team-spidey-pirate-ship-201-pieces-building-blocks","live"
"lego-11215-lego-gabby-s-dollhouse-11215-gabby-s-brick-built-cat-friends-324-pieces-building-blocks","live"
"lego-40864-lego-seasons-and-occasions-40864-fortune-master-386-pieces-building-blocks","live"
"lego-40867-lego-seasons-and-occasions-40867-love-letters-345-pieces-building-blocks","live"
"lego-40920-lego-seasons-and-occasions-40920-bugs-bunny-605-pieces-building-blocks","live"
"lego-71051-lego-minifigures-71051-animals-series-28-7-pieces-building-blocks","live"
"lego-77117-lego-sonic-77117-sonic-speedster-lightning-126-pieces-building-blocks","live"
"lego-77118-lego-sonic-77118-silver-s-car-vs-knuckles-monster-truck-378-pieces-building-blocks","live"
"lego-75688-lego-wicked-75688-glinda-s-wedding-day-age-8-building-blocks-2025-476pcs","live"
"lego-75689-lego-wicked-75689-emerald-city-and-kiamo-ko-castle-age-9-building-blocks-2025-860pcs","live"
"lego-42644-lego-friends-42644-heartlake-city-ice-cream-truck-age-4-building-blocks-2025-92pcs","live"
"lego-42663-lego-friends-42663-friendship-camper-van-adventure-age-7-building-blocks-2025-778pcs","live"
"lego-71052-lego-minifigures-71052-series-29-8-pieces-building-blocks","live"
"lego-77079-lego-fortnite-77079-tomatohead-210-pieces-building-blocks","live"
"lego-77080-lego-fortnite-77080-supply-drop-314-pieces-building-blocks","live"
"lego-77082-lego-fortnite-77082-rave-cave-1963-pieces-building-blocks","live"
"lego-80120-lego-chinese-festivals-80120-prosperity-carp-leaping-736-pieces-building-blocks","live"
"lego-80121-lego-chinese-festivals-80121-ancient-moon-gazing-inn-1530-pieces-building-blocks","live"
"lego-40871-lego-seasons-and-occasions-40871-gift-box-celebration-224-pieces-building-blocks","live"
"lego-40811-lego-lel-seasons-and-occasions-40811-altar-of-the-dead-age-9-building-blocks-2025-231pcs","live"
"lego-40825-lego-lel-seasons-and-occasions-40825-halloween-wreath-age-12-building-blocks-2025-617pcs","live"
